pr,pr_lag1,pr_lag2,pr_std,price_lag1,price_lag2,tasmax,tasmax_lag1,tasmax_lag2,tasmax_mean,price
1.0618101782710436,1.9260714596148742,1.5979909127171077,1.397987726295555,126.1705683735906,124.69787990719999,30.09054491313347,31.950220957870584,23.757018481887485,29.373111494104982,110.56864010262618
0.7340279606636548,0.7339917805043039,0.5871254182522991,1.7992642186624028,190.62545805210368,124.95461998495061,28.576189747156228,32.492455651824066,33.59130590721891,20.1823515721608,159.61139040954612
1.4016725176148133,1.5621088666940683,0.5308767414437037,1.9548647782429915,127.1949726128631,175.93982624179637,30.110298785881888,20.777536986795937,28.23287997616034,24.314490935655172,112.41437162645444
1.7486639612006325,0.8185086660174142,0.7727374508106509,0.7751067647801507,144.973984245054,177.67105569551813,24.601648992832118,25.29437755178535,29.319386735744153,25.01074948503154,135.04395448063562
0.9563633644393066,1.2871346474483567,1.1479175279631737,0.9368437102970628,106.53661575643852,148.75711936733842,30.990485758854206,26.067910783608045,21.02529800464938,31.756397637261607,98.57110369554407
1.4177793420835691,0.7092407909780627,0.9382169728028272,1.0495427649405376,103.36136001832827,106.26532034553546,24.28637486889059,26.49150319398894,30.281658248328522,24.986842357230678,95.16615525554832
1.1841049763255538,1.6777639420895203,0.7995106732375397,1.2713516576204174,190.6437453344411,113.92453711175952,20.848784842200736,25.608815705192203,34.166728740414555,29.626015959478373,170.1794042916246
1.3886218532930636,0.5696756190799965,1.4113172778521577,0.7557861855309373,153.2420682275217,141.10956026007065,30.072187230008105,29.4842323045646,22.98488208439155,26.2750079615342,131.52270772367064
0.5975773894779193,1.92332830588,1.948448049611839,1.7125960221746916,134.73433262588426,189.98333456872723,31.264096975449775,21.520593463297388,24.167791641345683,24.144786626987802,123.83737097141817
0.9569206537600561,0.6465081710095758,1.5263495397682354,1.1602287406094018,102.18233967754895,166.3789686175589,26.48028391391759,34.705531114132775,21.012538200257328,27.780514915708928,87.79269665962093
0.6830573522671682,1.2427653651669053,0.5515827816728276,1.8639806031181732,196.33944342135504,156.0168183461842,22.690470230183156,34.56014818114616,21.699552570911962,26.05401503542387,187.62598274612182
0.8881699724000254,1.4937834265309728,0.9675666141341164,1.2801020317667162,193.68224620330918,105.22578792860237,31.068274772519093,30.56831642041168,26.340929553408984,25.197862519290773,177.16655762475082
1.3200654190149195,0.7772816832882905,1.9543769416468377,1.6626992350416718,141.87933190741614,126.01577909620511,25.96418567829306,23.96414394737959,23.079994080602,27.24559546338335,124.78815720390477
1.9092484123462836,1.8422410256414732,1.3968499682166278,1.8828113525346752,173.08209649807299,198.12970904972468,24.02800634101411,24.31192497345875,29.851340952118356,34.52805997549838,152.71696061132258
0.6327387530778792,0.7939742936287177,0.5678409333658071,0.9879954961448965,125.65300624442477,165.41746014740744,29.05455800839063,21.154692005974493,21.133754207811005,34.271348312683486,112.62298458691436
1.083015934534223,0.9070235476608439,1.743106263727894,1.0351299900403839,119.809763275974,156.533025457161,24.459361854610005,21.38100479123713,28.985668807255724,29.354731674353992,106.63127733826785
0.9214017645310711,1.3140441247373726,0.711386337462144,1.7032954711310595,146.39324866883362,197.2005329631537,29.72757230178032,24.011030417863118,20.226660263217127,34.475230541817076,137.33809267960004
0.6118259655196563,1.980330404900776,1.6583671539449862,0.7980735223012586,160.85272726964666,134.95063720868188,23.763395685366536,30.14039432078821,30.599448048180644,29.150111256192286,145.69953539140224
0.5082831756854036,1.7231921426822512,1.5602860157714256,1.5935107520614809,111.40957848879333,115.12468287349346,24.693610913204722,24.06644380646099,28.965024240540547,32.99143450417537,96.61046194537137
1.6569055200289187,0.6110669776011355,1.0376985928164089,0.6738035892876946,122.5316929951235,125.0966661340298,34.20100593385094,21.588587066056363,22.3224291889658,34.17104388174619,119.73072712139007
1.7946551388133902,1.4349471902413369,0.9963470372789738,0.5953375254290354,185.0616057841138,156.1222788282525,31.04802842502189,33.2449073724466,23.039489512030148,28.813788066641028,166.80198686330354
0.9664734825734933,0.9877749830401206,1.5944092675070962,1.4563362070328196,152.33909113743664,111.47688718692174,30.517093916262105,30.201678281704588,26.122275363000472,20.230923375369628,140.94938040353745
1.8308191138644898,1.2083223877429239,0.6793913689074526,1.5698671808344926,186.0139693349435,172.28143032084836,28.74389085206395,23.796523087694133,26.753813692143353,34.363715226257256,164.37143986422535
1.6411775729253462,1.3419157963542443,1.6564507699318414,1.2406933945465861,106.76683619000016,170.78350972297687,25.98552976463652,32.597024099966404,22.82810908623877,30.086907470375433,97.90573070972276
1.284099244072991,1.1413115275378245,0.5381286901161428,0.6618371404899567,154.3538217342646,108.17253457467783,34.65510431658415,21.52839651309405,20.12479913340788,26.503741889489216,140.47398951655413
0.5471437785301014,1.4546156168956705,0.97153397161449,1.262856036747054,145.83006415286565,148.46962871300468,21.38938224577051,31.22576524514347,33.71822995772838,26.51031459063138,121.79881127709834
1.8613497108891395,0.8739383437233124,1.1155743845534447,1.633326707814573,116.57745401632758,194.56981470002825,23.880674632331615,26.516049785099145,30.851717267750015,20.135812423705566,114.99608416699803
0.8431972482374337,0.6154698647431895,0.934627179370652,0.7418319308810066,184.9975371480662,166.90223373291082,28.841809842270457,29.199375273310686,29.565323703439034,23.630331199713158,172.9510057378723
1.8945464785138597,1.7121805693466254,1.4501056347656351,1.8071908852815766,146.22955610006073,141.17655415845084,30.710790850671902,21.370872294976646,22.98905504700201,33.16205069981723,129.62062390932473
1.7055081153486717,0.7798550883290538,1.8388384977349665,1.3090133628734761,165.0973467150954,154.54318694069053,31.080847260898494,20.20618331017018,23.725643905547003,23.21609724489747,143.0762633413066
1.7111602327460937,1.8441369498852398,0.9770052124577958,0.6650778867915151,106.22731058818856,151.25026487703317,24.06209492055459,23.713396554198297,20.937894436142685,26.884107748952303,97.34238759838746
0.8419027438129125,1.1406616829393845,1.7270221488837396,1.7910958748845152,180.64036172328395,145.92398775969582,30.991002121792476,29.100975870761545,30.093075028971196,21.21723767804359,163.00981404802752
0.510428195796786,1.2661209538663485,1.1261165047231685,0.8331617157060953,105.19565775542684,178.62781993840332,34.27236065265181,32.57737750764537,32.07635477743494,32.34475707562651,96.4544367227003
0.6797980510005242,1.006422757105442,1.9143645558687787,0.9848043980311328,120.13637821359744,125.86208348880388,33.99065762199142,28.163809491705464,23.00423026801439,29.251754117788117,109.08062737320815
1.278185932615049,1.5545284383427669,1.045444403568941,1.957673124081441,116.47063534322959,133.02150648714976,31.143222405019085,31.06876090031038,27.8217353625032,21.02688079000367,107.35477675543626
1.9436709424131668,0.8776734437380462,1.245872758838578,0.9513174647251545,175.6751505688635,151.93858595039373,25.566694076451917,33.81149912695036,28.766733646361388,28.074979148835702,165.3441640089362
0.9272607415662014,0.5553304210317992,1.4143465009698453,1.2540185348432922,120.48812741507126,187.7830078152041,24.032802715732902,25.526733798748683,33.43019133729754,29.996945712902537,111.27983069920737
0.5772181268749841,0.9179696963549171,1.8623988289499804,0.8593428360004587,187.95818549515292,187.05784250460067,31.810805401284995,26.815181346014825,29.453708291842368,23.725754131148115,163.91408945108793
0.7173423081368346,1.2341791404163445,1.978475681165901,0.8630829072672506,123.87962113815394,145.12393441809883,30.581912454252294,26.41402000555006,26.638182722221185,29.739834868653226,118.3044732879008
1.5082033211088177,1.6424294229930765,0.8564563159885995,1.5923245229177894,198.49896561408752,177.20124763099903,34.0442093220339,20.960095199129313,32.371148560205114,24.385746656182896,186.85214187012022
1.05167469907888,1.4484587458903693,1.450294566141342,1.3036620261121377,102.71674212255598,106.5204591260492,26.658791817595667,20.328699931625135,24.515691167514696,27.539468639451957,108.20535158286081
0.6354346550816125,1.752953743383857,0.9811700974576038,0.7797777655997813,146.39313768123327,190.922020586156,20.842641160211585,27.36643594074748,33.90665943287641,21.580898271617077,126.13635374691196
0.5611627123321459,1.3863394147823627,1.5163465427634235,0.5248817433917843,153.87017979527144,149.78125080342903,31.466610921132563,26.14506580063989,29.82760571786507,23.90354896977844,139.69757188149566
1.2681395874489214,0.8397436627969069,1.4677591856141747,0.7615496435074871,110.54736999566306,165.6780104724294,22.392383938120375,22.406939214068395,21.057379184647168,22.784700573518645,89.08213948015182
1.5364066071536988,1.0801030194508061,1.9050949831051018,0.7062814162189899,182.21031606002254,138.04200075075624,29.963290774834526,33.22535917765262,32.21188528386743,30.27701464811726,166.75503023591634
1.0115995265753877,0.6702102818608836,1.887040427417844,1.8160090300714715,177.56118509253275,196.44766539008117,21.65647795116654,24.337811694439246,24.647103129837035,23.74935419596432,157.06406509244562
0.8869124415727334,1.4899760690512687,1.7258333003018238,1.3328012173991934,120.37664591276891,152.33296311947413,27.725084895645846,28.033307223195088,25.353289627566653,25.30683738104654,117.95621029561678
1.2944758675340098,0.8627784363506775,0.6396541517088488,1.84582363692999,128.71379580845755,179.28544190338394,32.42833396859122,31.83939272479528,24.616937475211184,33.70682665809889,111.96934137751889
1.8506270857449958,1.4496521859099019,1.008544686573051,1.0238143619189914,157.75933658811576,163.45824175503037,34.29222525503759,24.90113813045061,25.31637423189582,27.584512301329383,133.53748773946788
1.588933518305359,1.8456653899288655,1.830629636397676,1.669813318786436,179.7914159615894,139.59704726624548,34.1168121880051,33.144791497134676,21.53851943875385,25.890961149071245,159.45595566191787
1.4630474692314317,0.6262099474925733,0.7424430711419207,1.847831282790619,191.50900684070433,153.30288672461398,28.30056784624658,27.5469870882731,22.90794601905339,32.88225156752232,162.48066730054822
1.4096435894893848,0.5137955774249445,0.6522073142990481,1.4952526536620838,115.7954822835348,169.58991181688026,30.15411174495256,32.568625622777056,32.881464190242085,31.225337804986097,107.97143132771787
0.507592375769328,0.741212077126248,1.3231006840498791,1.53784279653904,179.32613504382545,131.67616770675266,26.58815901874576,29.158201325231367,22.405481091796148,30.104681262123613,151.0681063081613
1.4779418892539007,0.8364039641908396,1.5682688320213038,0.8558736312452001,185.7179256998753,190.61432547657665,22.688798836089212,30.409243857652353,23.44397241130953,21.7632695022533,167.28842103580357
0.9880995472389016,1.6197371076770362,1.4744493485708219,1.7738351157412668,127.6904487377809,198.3521472715222,22.479267352144362,20.029882028286053,30.781094267802956,30.986015735875686,104.53234476472183
1.486419338450515,1.3524629050032075,0.6405121517421387,1.0515737045891502,114.07115280487584,120.201566840249,27.724000248698893,22.420442015830755,21.253315062660345,20.286934496559304,101.06254850170504
0.8978035515225882,0.8659844650686254,1.9595158321286683,1.0896465870001406,118.42248392380262,189.39897100078704,22.48622265447831,33.362833024747204,23.623052625525226,25.314069908258233,114.79712631044504
1.83806983276567,1.4467079389958943,1.6922169553124726,1.2539556396577882,165.4292552324962,115.21042832222729,21.580182267219996,23.335419571222555,27.788368561703077,29.116290246434787,150.68956916642554
1.3653558269395387,1.2387765407282958,0.7928644816970667,1.583678172892258,144.0323418368349,161.52980250698022,23.680284712493165,20.865982388376757,25.86549303691098,23.513050563895014,125.31163962832673
0.9211585436612837,0.5364739496471808,1.4682084438607517,0.7656660191105734,108.34640849893833,188.24163684073386,23.29330884844703,34.39794204070183,29.244507288885863,28.35317664758144,97.35575020434908
1.9106878765293716,1.930892865503881,1.8722965853306728,1.0552380503831666,180.3603535441535,150.52067735766383,26.236626552849827,26.434165001452165,28.11357505757121,30.44644710554161,162.41440254996039
0.5231849247933011,1.8924778438815881,1.1422762224759715,1.9499822285655044,196.71266152591704,141.77609792750997,30.53219144272744,22.575408615581743,27.501691281149405,26.17937142551153,179.40454710254238
1.9454299656338794,1.7795141832010402,0.9416733381043785,1.0776465929028878,198.41103190364979,166.7919998803627,33.05790449404076,29.471283818275644,27.98756099623973,21.73091963268376,171.7356368968807
1.7767050072752855,0.9753830077344166,0.7542391200291387,1.3352018936875252,163.46712732539413,116.5954895295785,29.084568339851174,21.7580585852035,25.05809863348628,22.142629472214978,150.08325096209137
1.9042321612411715,1.5440446950124596,1.3550917551340476,0.6457647406561529,188.1927758304644,142.74896879206153,30.381104705365534,23.093781707542288,25.87789059782039,33.43512166428168,155.85154008940407
1.4225108400487545,1.985080775156395,0.7101260228547861,1.277494478545605,116.22334057824793,101.26075199757591,23.064745750984553,27.617075959381687,26.289074917490332,20.271860615685945,101.45158375860409
1.816059607891933,1.6111529266313067,1.5455236114929018,1.5537261259806638,155.97556836383825,152.73996221226764,31.891371703592192,21.035688594718994,27.113825314654303,28.41017442408425,137.9366423151967
1.0392367268296328,0.94038776639674,1.7140417332177704,1.7151700920187711,171.93536223691586,189.02580530178022,29.426396849218804,30.32947443961813,23.799085752840725,20.14968164987674,157.90846014358047
1.8006084778701554,1.869860828834707,1.2670135982914066,1.2522744420307994,107.94065846430296,173.14964903403623,30.85165493532368,28.03484899021368,32.54176554810873,32.320825443510415,97.259746881257
1.6974427684501627,1.4749458961666477,1.552950315886555,1.6936890041541517,118.74119440975822,185.8177053157164,32.64989251681825,27.276419899693103,25.004425937552984,31.87337303887055,99.83925969950097
1.8350080127263495,1.0069927352773038,1.063374428959916,0.6409729097613035,181.90635138616562,154.07937549855444,26.769411695438823,22.75163294605152,32.82461029342211,33.23839815158521,158.790750618464
1.3674202114942609,0.5539134106951131,1.1983970271986903,1.313966952061365,171.02427986233116,131.43501131837485,26.994646342102552,21.135495909646814,25.81739134875397,32.05306489193905,154.91525192383506
0.9298118781924266,1.3862498908535161,0.5457503749085741,0.5560222831238216,147.11678989328146,182.16368977104716,33.52661042819343,23.052091137463936,21.004604180379072,33.160256796992584,132.00977419463055
1.7339008409894874,1.0402859621168943,0.6905907689778272,1.2833648900822066,145.92651971732138,135.77982653254418,25.84107408468313,28.12641446401345,34.52098718076138,20.99847091871334,128.43824719741053
1.6549903296479163,0.8237315412452648,1.4343357137285004,0.628021197490652,149.42124472503,182.82492524372185,29.72477011178143,21.111581338623004,25.632033926997504,32.0572181779017,132.0749513049671
0.5775225817529115,1.297031947352222,1.3109526824151598,1.4561448522473097,133.52080473708727,117.37615931357438,26.502083491334517,34.95773530854426,28.38588927419903,24.8174322895393,123.649564249175
1.5891370005839924,1.963778119193802,1.274450522451793,0.984434709411869,171.20140203307807,182.5978212708082,23.301669888571297,25.25780801429243,25.587999106393262,21.030705165859416,151.49279896542419
1.6927792921530556,0.9062483768931113,1.1584571310584542,0.617684572013399,110.06374785235333,123.98741127559447,25.5436129914016,26.963577796088373,30.84106628358207,29.85094227082412,98.61691684697263
0.5380261151231862,1.9439726220168876,1.7539701807683088,1.5439613091405469,114.19719897609939,134.79414115821666,30.631484828437316,20.125455228152855,23.26501099370804,29.925264325997848,113.62716201889216
1.113429416621405,0.7599414801062687,0.734655564006629,0.875364347246893,145.03509789054127,174.88263369633063,27.25984052269621,20.07970213502519,32.06741963647734,31.59214359935506,123.41317491706752
1.3238399970591808,1.5718938840500936,1.4902960650765968,0.9199008454189143,165.1147584881674,162.09285674784311,28.22628744490344,20.99694988664408,31.49772574298877,28.75570381597046,139.3440689814774
1.9322979209947913,1.6068453750436529,1.331531078767101,1.4175811193515284,135.23749466096544,184.144755308476,31.729399657369388,31.276204885937606,32.04503107936756,27.770120996069373,125.63169351886192
1.1294000936416848,0.8715964842517362,1.0339590179768923,1.6367691656965537,147.12871673981647,197.91049380151546,22.104867772902725,30.06736210069533,29.30710677577956,31.13379780798631,129.0226297593643
0.5215902329446338,0.6741089607603743,0.5690039630326291,0.5610932034784553,163.41421382957367,112.62647415645027,22.54821509076103,22.924627998504338,33.35614275828993,31.249666976781064,145.4816048079032
1.7831908760165107,1.5554867890700355,1.2112607436309877,0.6467512409765022,167.61775620754338,132.5104015431699,33.623427330504846,31.38072981745881,28.957329589854528,29.811991055418105,146.9501986961335
1.2374238126752486,1.2102076561708486,0.7598028048650227,1.1507774738569596,168.63271966860975,106.96411481624057,33.33691885910015,28.682101317679106,29.48586986492581,22.34715074005401,150.47044699791124
1.09775710159606,1.4237751470783246,1.4526404763014658,0.5679560146580668,117.48814371759593,185.57372589057863,27.10881830174154,30.745956679371485,24.064140474745482,23.033812707868023,113.73201990631804
1.0619189219397067,1.4387898735713547,1.2547043878701316,1.7847347617824834,122.71795570235149,183.704112524294,24.707402123366233,23.622509419892502,23.22368955554594,26.372762643021304,114.45680242520694
1.4880404474284175,0.7444016406221445,0.6058531211006448,1.4636289173094734,127.92760884544104,164.28819100587077,33.61757770825301,27.605894701080775,22.818805712229846,21.154575040713112,119.44596552033182
0.5397669658124327,1.378663371910195,1.9103453621374364,1.3632112668138183,169.4150573509831,151.2654753145053,30.44234217706888,25.741981466545816,32.32746419878039,29.89266152961155,145.39241633692157
1.082254889309783,1.4649323276635298,1.1873793357372748,1.3184251839739023,130.53106766967312,121.26443763710961,31.94362175812053,24.07919059127673,30.38538383691587,23.96092977040578,111.72219221994148
1.9121972131647877,1.0791539567011614,1.9417858457358714,1.8580259629340956,103.31893545624263,130.3946401240724,34.086027191754376,29.545614223000616,24.86767700263013,24.042677934384088,78.79164861319124
0.7936867021839447,0.6040419513127482,0.65116700206614,0.5273327384773245,165.3162790531283,193.83048184484826,22.863898776074652,30.419614383405914,23.280734194968908,28.929548988912337,144.7377470424017
0.6416644411338925,1.5245101601245352,0.6067829726903435,0.978463445440642,187.1204482263052,176.60647765353025,23.96952540388036,29.92953417190803,32.224095928108085,31.670378647169798,173.191919335603
1.7673129664541818,0.5349079036037387,1.7217027238834037,0.9227821621600999,178.84473432532985,166.49849034759953,31.412769963961725,22.81583608538378,21.325774204767782,30.484232427310786,163.54499347153873
0.6772472414324844,1.545105748046226,1.443414270169826,1.8162080202905795,126.0286857566003,190.719503070583,25.52520820691527,26.48519339605021,20.467236391900865,23.89364673912574,112.31825086617965
1.6026065657058286,1.7052213955772728,0.9230518588569597,0.7661593156695843,167.07323119058339,156.04406309804398,20.50514605811696,33.187786589018714,23.650950248277958,28.36005754359512,150.25440665293476
1.6259221274612874,1.710252108900896,1.98575771300101,1.1189265153671397,111.0989469213481,144.70555438064252,20.584689809916956,30.00271086958487,24.84541018631141,33.468787804364986,96.54462451633627
1.0580271286891747,1.6646194411129953,1.0112053103795269,1.896135988405347,146.03582712019264,186.456360952267,33.32177283401054,24.879359275426218,33.51441343535702,34.94236510248168,132.4560388201823
1.7876191277645177,1.1434910410625276,1.626306601687246,1.6318143111270236,154.66482201877886,138.04005489704096,32.38123496185922,32.67307021632843,23.73513104163635,28.650535982866344,143.02773121430405
0.6546858032538989,1.85382936001935,1.2578785586717858,1.7396861991616124,197.68003285106593,111.07205933263157,21.008838709510517,21.423769052325046,34.98338918049936,24.899588741388662,169.83259562890697
0.9800744015459176,1.8432848427443007,1.0838025181012447,0.5162564772204475,142.25484283119445,104.20246751714053,31.222758680732696,32.099975795402244,32.87034906510844,34.96442446103235,129.52759698726175
1.8580729646288954,0.6369300151792003,0.9789704563856223,1.9250929505762073,173.99041207669302,191.80765521991506,23.622447278853016,20.605262402895494,26.167872769918787,21.951210047434206,161.25354522379706
1.9259107204063342,1.360156832184929,1.447755818254699,1.1726682829674797,128.00373295504895,185.83416767991207,20.336388337430826,25.406402407122293,31.756073766128544,28.492710368376063,113.1278582147272
0.9398161575470968,0.9929968180548739,1.5087776841155576,1.62856179415652,129.22182304618977,191.07701616439152,24.69166983815531,29.815130082390795,23.48027270463216,20.215721691081274,119.80314380217372
1.687368565588773,1.6844272141918308,0.6368091545730356,1.2416304570538723,175.3961903596784,180.49067768414386,31.46530079654641,29.35614627296014,31.4345393675144,20.584070250314983,171.92984354607333
0.5863381400249664,1.3242933234856034,1.1622957520600656,1.8315562741374496,101.80065556004546,196.2810357074026,32.556794417459784,29.292893000544552,28.450930260689603,29.369210721717973,91.09887603910644
1.026372518828118,0.6756005246414087,0.7144875230792538,1.6422659475762083,172.66709920703232,130.47510953861334,32.966498703025465,28.804047598383605,28.714255698322688,34.86018735598648,157.36692453635573
1.4273270949743915,0.6516840141841853,0.6261602091724962,1.55145369718868,182.93946648588468,128.152119841493,31.35095250602852,26.63440708176703,30.610955000493917,25.838457075376827,160.95523441898925
0.6091445095462903,1.7327900889355343,1.5593633407347443,0.6220231709628496,187.2753839566128,111.2580390411937,23.433131937252483,28.95277815331639,33.92273147170927,33.93709280023194,169.4541013739618
0.6272565711277879,1.9799593677517633,1.0614061936341805,1.0559632206003364,170.36859774607956,154.06984766449102,25.128579171582356,27.915161993325427,23.174538478547916,34.93446664248325,155.63309609638313
1.719199350886254,1.920872866075788,1.9790015957343063,1.6300672778884124,109.65344701954407,124.1893828258839,34.71676861801903,29.742633945611708,32.0662108951621,30.7265024192555,99.66231401894036
1.0643893782963736,0.6252510750480031,1.6657203738911552,1.3376063746037077,101.24040362773148,146.87679654645058,28.897373285592025,20.800219954833466,26.821465138289916,30.12179453251116,86.01788666641406
1.1363330138704644,1.859531577642104,0.6667962234592271,1.2389376564362888,130.12652607600003,159.8357484297759,30.16297420825527,25.596839276335754,34.12537979987046,22.510355483551713,118.14568232502728
0.5170304671511285,1.2029909629911895,0.584454913522756,0.6782268744021078,129.7237807708617,129.99191115069846,27.50539169323341,30.363259648262343,30.457037088377138,29.729584351532232,124.06238238736373
0.6762893701656574,1.4738154531740952,1.6190673188981348,1.3750531476457395,174.31931987316034,104.81428359783534,24.1293232017779,22.34309853029933,29.539104902400663,28.989531742091565,159.13056670841695
1.9432588227118128,1.062305869285556,0.9285681294227911,1.8028986922841903,190.28949951919873,185.22638743911813,22.690340154338614,30.57708718355845,26.827579876004847,30.016408874047293,176.07048551263807
0.835393757779179,1.944833809160917,0.5182317120347245,1.9548182400614587,166.78046832264067,159.32215701073844,32.56050619655226,22.545926428653846,20.28717301995255,31.6865387959368,148.91736164031346
0.5647398679258642,1.8367146705471067,1.2915516636294497,1.9894471941789504,189.23024981396523,118.53301795287145,29.145461377289237,30.494593544331828,32.57232462482964,32.04216402236751,174.05672602968727
0.6106948471030983,1.3307814266019813,1.9539538034286483,1.2846467662552232,107.89691621908287,123.9510169909538,34.41380220393237,28.039026182781775,27.32743448989858,26.02830799836095,98.50356378825721
1.4440979572028938,1.5436230334769259,1.1818115971516598,1.4413371201260952,179.45782787001903,103.46702667264833,22.30536564266307,28.589108493230334,24.155187864889683,33.819612683194634,156.75749143458097
1.3764714678846504,1.8517370157364834,0.5681695705121868,0.9214447843883455,158.28068350834897,199.543751619131,28.747862064156465,28.892602707621652,25.32386991315515,20.779840279665613,144.04522018150845
1.925617226114838,1.8353956758363745,1.1834851291785693,1.4301988967023052,185.56960938375394,152.14456890435895,20.47615648059483,26.350027162297962,21.26848067145857,29.10270433310209,162.054165128177
0.9160717744716991,0.782181739585642,1.1955476074099733,1.0300283420390792,106.36409092866424,183.137351438571,33.21459508459486,33.24372224778083,29.885681151983484,23.168477472093965,92.56328046137386
1.375484167776308,0.6166019554474773,1.9615922114992497,1.9793161167194042,159.89785081772106,111.49329970595669,32.94495247038308,33.29140152969812,22.94980377429438,31.06139128656016,144.85470727241082
1.5472425710296176,1.3041445495161805,0.9642914244294916,1.720692529560423,109.38572848233562,190.96268194365922,24.297793233906845,32.039604685293945,34.958568498554044,20.45039007994089,99.93337700100268
1.5270967588308189,0.743925409017337,1.8663907767407637,1.7338058643847534,166.92002629380784,182.92867993167556,33.46048798686398,29.33945800397987,34.600739287472315,26.975142762896414,144.28186133904143
1.924699869937886,1.58857926258254,1.4201227939036847,1.1273645544359283,187.89789002822673,157.17723520483221,32.710818958570606,20.935911028974157,25.029185751174435,21.005248066268148,174.37802988131844
1.89909272503102,1.7990958342506125,0.5678280051592841,0.539550461745878,151.74463517550413,143.042741032099,34.63014700218606,32.25460860907755,32.788211318689555,34.06947847150841,139.43020304945608
1.0646950503170745,1.7158299961727494,1.9809141939724166,0.7256253366552923,131.69465877911193,143.45959608587117,21.27655229179678,25.7839638877,21.065523335660032,23.16189652325043,115.00155072314632
1.3911960730282027,1.0713362849465322,1.9548715967219048,1.7631783847035631,177.38796557301563,160.19234310151316,23.440486655565085,27.03660816571368,24.02843251180464,21.514671602266418,151.9612450334682
1.7574930570667067,1.2030397396924555,1.1222292535064977,0.9101106078960594,189.25232899548462,144.33800143791876,22.512366336411617,22.209133453281364,34.596151968684474,31.389387603777102,169.602573200529
0.5845632449763907,1.7970835643825798,1.7193515136951163,1.999576509929196,160.70895787187538,163.1307553091989,34.51642197904343,26.59610729761863,24.17552722493985,31.9743979581378,142.40834351538206
1.994955255610858,1.3331475584039412,1.6534811227707658,1.917148594823642,159.16971623063256,170.26337730855164,24.893808770617202,24.490750605580224,23.48758988311747,21.94518467336353,143.8184468928344
1.7744710860161172,0.8710221526147965,1.1758162029651402,0.6937391227272425,123.74334683748063,151.23637775457905,23.84694591525149,25.329796227108314,30.109913122185958,20.938472633291774,109.55342884795473
1.9310765408880837,1.40926195167632,0.842964208255194,1.507551026608785,110.42248028083476,138.45113276448126,23.157604094980144,32.135354604375145,22.203828853756562,25.139677197837823,89.34294794902624
1.4271923606868437,1.0372440770492608,0.6703363882994435,1.5073597933891993,148.76670686212645,165.22242595454725,32.9698838278721,22.32387966715164,21.24105253427285,27.268069926200162,131.94830148440803
1.2804615513556898,1.658477587603459,1.28024525166799,1.7782722504778101,195.05310525862035,160.06510665483557,24.536292669178046,28.45112546725781,32.05707335725213,22.057227322291148,174.01969917741675
1.3278602581617283,1.3414069573030794,1.8149804039875175,1.1052242993185954,174.35939161765597,150.62660594952027,28.710486268314277,27.58263140584796,22.161181790197993,29.359977282934736,160.09175757976067
0.701022842675961,0.5431740144700085,1.6327058835104284,1.4304643270301969,163.41040313763312,107.09322161337734,24.104606267911574,27.317514778160188,21.23408486415593,26.893760858204345,143.57836445081458
1.5561196521488354,0.8194462422633662,0.7045572133801546,0.5218169985018228,125.4391580841847,136.18530932051385,24.596952020642306,32.335718167780314,20.854680904960524,26.27910912377495,121.28861564262907
1.0258813382098955,1.3848765302819497,1.0883660676495985,1.1562123830355935,147.24933550065134,104.56487455023837,26.876471361971568,30.87509114448678,28.614313626353166,30.008185057912716,122.96619919732744
1.8562380417406226,1.0223832005349505,1.2709842337397161,1.6754795191117147,114.00240975533177,127.68143077913058,31.65573928477634,32.93304460487283,24.708132450837056,28.070340580458545,109.1580062688117
1.0948141734819052,1.4331300503418103,1.7935455631201178,1.9242809354864632,197.15326909010508,133.13470071030508,32.601621176588,34.841766964475845,33.34278966565645,25.572008939365652,176.31634732670403
0.7206102213935569,1.8898814377422415,1.2381744396193073,0.8873665824484376,148.20410581120825,119.6097712738393,22.927497758279756,27.34088806109883,31.124621777540632,27.38853606129946,137.6816195918052
1.188703634357392,1.9700488629282156,1.2389271409893043,0.9931274154312624,161.0780071075768,128.06832155159742,27.247712949705026,32.57345631622701,25.421056686007795,32.896920122174684,145.36921381711278
1.4501012814750887,0.8602184281672896,0.6137949921629959,0.6933195828659738,120.69925784384267,151.6572628445979,26.102072014275855,24.92349658517509,26.809848667995485,31.436704380123025,114.32710973958575
0.6920687584366587,0.7278540402684415,0.7082407589741152,1.4613121172048218,100.55057991604208,100.76640326492253,21.890030417959913,22.94628823808026,34.27167238494638,22.63237441072036,88.55871210167382
0.7728201265987172,1.0185009249857948,1.8451826148590178,1.2109424603943086,121.90688091018578,103.67213625008212,28.51590976896582,28.689716999929068,27.344366930753672,29.67117872865228,104.22309069327814
1.5013366077815409,0.7584798068024448,0.7884335282130062,0.5613029243997183,110.80257541306914,133.88606493387516,23.447400886964274,28.289934016651223,25.582598828703457,29.925008894437838,106.82483930811755
0.7534025946082468,0.9178855085479379,0.7655157264151202,0.6330538006355835,180.25856795798128,157.2048643369301,22.118353150597244,28.563161252592145,22.779055330749856,24.179645946725547,161.66530793277246
0.6809538066509012,1.1911681520490887,0.8095005776086888,1.046404791572113,151.26677259564164,129.34888232081215,23.280647004853748,22.742566698032256,32.38566427341,24.285613514913354,137.24788770419852
1.2551259062822853,1.5355922429440478,0.5589682097616484,1.699115598363564,193.17537194328162,139.70150412371916,33.90685672796674,34.54889788017786,28.56890704905646,22.145016839985896,180.03159431917743
1.4418505842363616,0.6226385479233079,1.810367936160166,1.8813086007977198,108.70927667957714,161.70665161178013,25.618223650693718,31.96598395022321,25.510860930456058,21.30525827454183,92.67857280114725
0.5916169397822957,0.9153164722208056,1.709301919689592,1.6223895355754876,111.38383934766014,134.5223142801692,28.35177366392282,32.67681277244052,31.938895807152534,22.6268471019553,103.22290990109042
0.776781529034566,0.8140239850050655,1.055708154187073,1.226784477786532,150.7411938717809,187.42225246851757,30.091469216187,23.307563951534707,23.273113018282583,33.11107659957778,132.71760070228837
1.427382157295444,1.0533704593546587,1.1938020741997217,1.621206407200635,149.35465803401186,170.22587660316643,23.74503429110345,23.94871019777017,20.009800861419492,33.06003551188277,133.75834545238882
0.5550248043358968,0.8786554165160312,1.5700243788268287,1.8428102565307989,199.28168389990702,113.14891198979817,31.88892219813702,29.40993402636017,31.253986459082633,22.28072851136738,179.71491033683776
1.2675161631734992,1.2981702278979734,0.6607580170096641,1.171118550235182,127.47315255195196,139.45760755976465,26.87485391881363,25.26829081023171,21.406647893855247,27.29195727822386,107.22472798952208
1.2989258996825348,0.8637057554520945,0.9038648464240715,1.065926244656934,142.18281785388314,141.10210752655456,33.81109475513953,20.600886785760416,24.371913702406907,23.113114043085552,124.07035085439264
0.5301067966665896,0.9831187483747674,0.817172010494817,0.991246028266872,190.7611002556555,171.40326444668563,23.572199804985445,33.62651827819063,27.021035813514352,26.994491194097282,178.44035469215564
0.6796431977288768,1.8357909211098424,1.390388680331073,1.5186534787167343,160.79052140907038,130.93727178627822,31.408634636829234,22.317383060073887,27.30898031150076,26.449778211815897,149.14242521108733
1.6837568579110074,1.247663298393586,0.6303804321311355,1.3056598127278216,182.37903842212947,195.5060511484989,28.95366035819984,34.99336554875658,31.54173341123071,25.967985545261406,163.82793669328035
1.3802616770313187,1.6181592112764949,1.147489319344519,0.6913704541933456,182.11982825502264,100.15651051914729,32.4132957841107,22.5606254496872,20.4569552946344,23.066725586964097,165.12346272208487
0.9256638586980868,1.0446234445979528,1.4688758619974018,1.3561674570033677,163.6401370183407,105.11353814421007,25.106173341713895,27.6587113618934,29.226937108117998,33.65908575821633,145.80491078832435
1.0341450888467694,1.9797728731894695,1.4086622290353308,0.8558401876039917,125.76072203337219,105.95247003477716,27.647810143256866,27.51913466938594,20.75364514734473,20.52367328984336,119.96756675917489
0.6526737089306056,0.7292887087764981,0.8689365925767623,0.7410220598893336,160.37954529493877,168.65899134926067,28.26739942874558,26.57267919872517,32.58770592470448,22.41019377067768,143.33982787647406
0.7798505360769586,0.9276427530407707,0.7600603929421322,1.8451481369396379,111.4487638065905,138.38388830449796,20.374574931755745,26.73558151895189,23.562178351283862,20.744215600082562,101.46309788660571
0.6203506184924633,1.286767084355382,1.1155952404844922,1.9735679253629095,145.6236508955542,136.90530217609165,30.868974302714435,21.673894999358712,29.124792500116577,24.215746252503337,136.7914365267091
0.6680583532520785,1.0967833985686124,1.9542056499130533,1.7982606888409705,112.1025000485193,141.89477901874756,22.60244075532533,25.696272843789764,32.0216866433443,25.88140365356859,97.00539261943784
1.72560810642392,0.8868542405674098,0.7563313810850987,1.5029648298866465,175.11780478084182,107.10076645332555,31.261544738165835,21.88229445198726,31.591571294976188,23.55399987359973,165.39997022524213
1.8940639836913786,1.3351443395208946,1.3574190342048498,0.9199686404904263,108.01800140819034,135.47712918359844,30.16089694833309,28.486723322614946,33.93717075817531,25.80983776962971,89.56389421865444
1.6542393997879055,0.7805656228362851,0.9855188546063656,1.1381546579246251,194.1725711618925,166.85726467229142,20.992477832516606,20.287332283268793,32.4028784145913,27.871034564921484,182.90352470126726
1.2614155680266825,0.8636145986226204,0.6722552371088053,1.415930063662449,167.86699566725648,136.1919990837865,31.62866077752424,23.51638400017272,25.176256182698506,20.451558083169783,149.21691818077096
0.9329458298603837,1.3718573321339185,0.7315440729113034,1.2217101527822263,159.36607912085384,101.01311840277434,34.42238486861169,30.0180186005122,33.99807631638959,23.982446111436083,142.21597746964204
1.2988841488273788,0.5777353052336404,1.0049064172908808,0.7016220154084614,163.60960464095422,191.32869475762368,29.171954168384914,30.177499524389567,24.76324550386383,32.721638525234454,137.79859332094406
0.5950624557091516,1.9849403485849177,0.9835307674620845,1.7148116687819523,161.25734683448192,187.36985934663448,34.20742194350372,33.272826765440065,31.08600463909059,24.16197019587431,142.85763856414525
0.8819609821456458,1.522254083335894,1.6403417898345298,1.3934581109117663,172.39730554660937,112.05584164036902,24.224240631584475,34.45040480669057,20.15426743903538,30.740749598632167,149.95854233681402
1.2073642828252376,1.1177613712209027,1.023302399814493,1.8942937163717388,190.24533072858418,106.64438443557749,30.593692438328933,29.340343114246963,34.85163269130299,24.678191536455877,168.1825659288584
1.7459291116815936,1.9475403659997688,0.6864458352283171,1.5963012128054663,153.3967472547764,114.21371237934576,25.099577956898724,21.184091044198333,26.641972048156063,23.91572789352272,137.37051770035436
1.9075106852315566,0.7718495992484902,0.5997444010501662,1.6116809739350886,101.1706610730904,142.20342601276388,25.15080053266466,32.51857685383442,34.032267702912435,22.785996080077783,95.84255303814588
1.3617096697698678,1.7627431651374081,0.7096585649394342,1.6929009677898352,129.50407076541563,148.6000493797603,25.587633973301987,33.92945843173091,20.92712691033834,21.385407921670677,117.5916804458772
0.8024409800716168,0.7454839142985568,0.7463986968964894,1.7218620803470732,157.71998867345508,104.37390723089473,22.44186483809344,28.92819251190312,22.257084065089963,34.521145721761,143.48637307311515
1.4977958310443003,1.284598137153679,1.0382457261852538,1.8158008112196624,112.30032951237456,155.86423964504255,26.700717908877806,27.522769405252497,23.6998792370811,27.064403786521,95.5926996169093
1.088667661133953,1.7248991592073657,1.1587023628553277,1.0654166441373614,134.31673531726582,172.91734875494478,29.928704489555173,31.26765705431064,31.308021240648696,28.668366690411325,116.4812913375256
1.1940196785044097,0.9520668112462132,1.6214140702643767,1.2540805851387187,165.229164859194,184.56043629899068,33.56539662490786,32.261117709591645,31.35572172047938,20.83408282520691,157.69987346503117
0.848319042720226,1.8493618599118526,1.075836832059817,1.315329291670983,169.2492826669225,142.99310773901482,20.103169433294738,23.186709157932093,29.952853908701783,26.167962333238187,148.64834922641404
1.8597081664468205,1.4363569938709881,0.675347061062546,1.9097481854202127,167.29666223944324,127.53811742554186,26.036093889489678,33.2688033234442,33.433442721977585,33.63762896080379,158.8480372757854
1.441562079607127,1.0023584219856292,0.7089081089950808,1.691037783905444,130.63134987782126,178.89851599207933,24.70817114772541,30.36583719108893,24.074497719115545,22.859147496116748,116.35290889563481
1.4301091338927703,1.3001916379644822,1.8408388745764364,1.6828958168367962,144.64195164015823,179.83803405183525,22.769486860210538,25.13161431295391,26.449364296697325,32.464237565826025,130.18919615685994
0.7275123195991268,0.9675831016933223,0.8727337097216986,1.6159194388590155,182.24223736682785,185.7562337661284,21.798366402090682,31.02388771092341,27.97182371283958,24.31918014013989,169.36983943129474
0.550298652103669,1.3548345273069748,1.6436880286110358,1.8151484551426242,191.66352358412072,143.0985220513296,27.39229376799237,24.49913104665534,28.94122932857459,26.50765884282866,178.85663333540194
1.0131226230738613,1.7318859570080192,0.6659476054328108,1.7696784376017773,131.88668183211388,158.2198746594114,22.46608293618318,21.74874611833545,28.200435231081954,33.53619549929155,118.14395084750706
0.6912329934979736,1.095930935840551,1.6959430486693305,0.7248761410231607,137.11724234376277,160.1074166800233,25.159365298365284,30.99500160833935,29.879920324096503,33.97332371464221,121.4643028417788
0.8438770928489623,1.5833788525895995,1.5800548048191114,1.461721449327946,170.55858626438246,168.8405018492137,32.314715259487116,28.499078883581944,29.85545747351161,33.47579699876052,153.22312539533314
1.54092266670065,1.3140866650213943,0.8776985883604291,1.0185439902558793,137.45528870201213,116.68602016987528,25.992781768804022,24.901920587866663,20.162166254527946,32.398266112871966,125.3995474729715
0.7723965752021384,1.8626758420004426,1.3750876921491808,1.1012771251454598,143.05293384622075,114.25941440819088,32.01471050605048,21.566817771502272,28.652860716990503,26.95972547250331,133.20415889594744
1.193008705466199,1.920925009417723,0.7300271046741202,1.379344748025196,189.00970351838083,134.58774607378575,21.780636432636673,34.70852340591085,23.220438311950332,21.008512701358416,170.12988246151352
1.258833018326699,1.4171813531519717,0.5271652757312608,1.8081858634162273,115.44597472233238,102.54477599057509,28.922710692528643,31.08300015699549,20.486651690707806,29.880764580905332,106.99580874021491
1.8981774237254185,1.3476997753838134,1.5449762358153385,1.8837490717659435,164.58223862864844,163.6902317454743,27.98437813927182,21.548975133125726,22.58785815419543,28.519614459741206,156.31581342713832
1.560857951470098,0.728808564371392,1.3644325402502198,1.4100725695742837,134.06041665812916,107.1711888847651,24.445364202699324,34.074735929769744,32.28110344226076,34.753508097704945,122.56092305364017
1.136196006953579,1.6046663534370842,1.9015505221535223,1.8883527693601645,140.9628894895232,131.12174950633937,23.89506258425621,34.545854491969656,26.468508046873367,25.21278192970632,128.4248648205948
1.1762590571061982,0.6698570687611329,1.977261798443502,1.758347129668901,167.71206397350093,160.57792494526905,20.7552429045403,20.79147886789404,30.38016883919982,26.86893491651042,143.3463034507005
0.6869940218049002,1.8812628239260585,1.8048445430931923,1.2782570856891082,136.459372819754,121.78925542549901,23.397824390541587,29.20955459487849,23.792871773751667,28.66447631516634,109.6597848536333
1.3869131536173938,1.0985040558051953,0.582142458233047,1.0027958624688513,198.80359661555917,145.40016211961148,25.388131204740354,32.353283399177286,32.31044241150169,27.16025597183602,180.86511560015413
1.7042801728970172,0.5069480345069043,1.0002487575367163,1.097253040386415,168.8274235780237,114.05529675783608,25.262286640025234,25.43839694838642,32.08571788502327,24.922692241964178,151.470560063817
1.3060934044068844,1.8797834246191407,1.0195189915489418,1.0204298028443415,148.55896996593978,102.75367198694654,23.13589060560269,21.270325128129603,27.000396813266125,27.23198148379763,131.1291595947721
1.6062518721646226,1.1783269113347108,0.8369072344099729,1.17865927419904,150.545511791045,196.40174071177023,32.61363065604361,23.31858044669096,25.714869105025997,32.12608608340536,136.70861163287222
0.7112855305696998,0.764580479759335,1.2475516591092197,1.1283881742568218,138.42067129858003,103.89960125749116,32.3543541612346,25.769166139681523,26.886860349300214,24.549288362739244,124.27658552273749
1.8722688516021502,1.0435908486749497,1.3708825254170651,1.4483964318792957,103.09557909193435,138.79867599468696,33.98832317628968,21.779656486123706,34.00624134502205,30.25799677753015,98.42492243591042
0.5196416848825005,1.4953060580250659,0.7670539503046272,1.9416054762041828,116.00249364631941,102.33520963281859,27.973582290300968,20.489885911767438,27.133942877330124,26.116221575040985,104.83279862298237
0.7229940916296694,1.1219361855905357,0.6280245021179658,1.995311377768921,175.6213613950177,145.85230088818906,22.41828217962684,29.846144052509853,34.567263610524286,28.432832165967877,154.32460883016506
1.253292515496864,1.3930775259800656,0.6006147160826412,1.6249407055987666,128.92447719726545,190.00831830164807,30.721299146659188,21.026756788490253,26.265004937254922,21.745377277467437,120.98286067233535
0.8148583896433786,1.8470814341610706,0.8077094607230108,0.7860315809954999,111.61389602005256,195.5918828955319,29.191937533047657,34.07723237321232,29.92666598707458,21.152045724716324,99.36685104331629
0.5548245017721423,1.208100417664999,1.3472616998939246,0.5985629591425286,131.3966717377353,188.84036723086814,25.319993074776242,28.259950691612772,26.048116341998785,32.50466015712759,120.8896879823233
1.663291425042516,1.1799332521220414,1.28658540399137,1.1611441204073423,160.29428764794616,182.67073597414873,32.22006507064984,29.177465301548324,25.60186917699058,23.830045606448664,141.87780535218755
1.101144591312989,1.3394604969623267,0.7328603688960688,0.7728921957429067,198.4013163210464,128.84054378187457,21.58811477319694,25.323465252298313,26.197587758115795,30.137343876561104,175.3120502614546
1.792678431520276,1.9191731932004492,1.0599639744196294,0.9061170097153306,196.1135485407593,138.94818949024204,29.872397364463602,21.051622094618853,25.928889731467365,22.72668300826043,176.92303483761185
1.4659993148585237,1.1131012566471445,0.5380795334905173,0.7342288960492855,138.55119047369223,134.03871042545057,22.352190579752087,32.40953224605869,20.628728250743862,26.28774313853182,124.76021464404144
1.5739583432710962,1.488385912865227,0.5406439887552252,0.8329582428994242,154.14076073475852,115.41450431784871,22.523054836497774,33.189953235177114,28.355607699125528,23.47070954565272,141.12581983811683
0.846612194882107,1.5078391153980926,0.5295658066315463,0.6561628729768607,155.37114853580113,154.1704812410004,27.536409307495646,30.972295395546737,34.37177013379151,23.306690063681284,138.4908049156723
1.699874128059784,0.7678169930815004,1.479119161777812,0.8572741715700898,176.190181260487,183.36499619375854,33.29272658194017,34.014561712512354,33.74630816798099,29.531215352928648,149.3893642155863
0.6491620891390177,0.8647582864991812,1.5834003977834887,1.7835447021594286,144.0441350312424,130.23332493514937,29.447309816520615,26.04815949775734,31.28596823455682,27.96941027526398,127.47585211017623
1.7453297968504873,1.0957752944276822,1.5021277048559694,0.8074764431237315,125.93348973170944,119.46238367048718,30.161571068424415,26.426868557731932,30.972446960647083,32.36707276406824,117.30923309425758
0.9397215953915199,1.8445037277816796,0.5195028852661041,0.6282627962817021,105.76475821990249,134.24479788347134,22.196543849042243,32.49394573361342,28.10444797685461,32.66998863635337,93.70140200169672
0.811829382719041,0.5397983058107296,0.772153152634696,1.3745623414545383,127.02476921307833,196.64173858664074,26.46952559511522,25.685607280745526,33.72591098775834,23.76753901322602,113.09037527919776
1.132136825888747,1.8390075666154622,1.7261653426076613,1.012726027546814,155.7708826250044,134.72770390305075,32.663184879292146,27.260308587641063,27.711431638268895,24.62702422234226,145.12567689203362
0.8891351501469387,1.0695386122509003,1.3854424137722117,0.9020954612343144,158.0467600993696,113.91967013456954,28.595633009285237,24.87816794414317,20.589041213624785,24.07997908016534,138.68221795313804
1.436223361773701,1.1141174782868606,1.3280707712779702,1.154189793702975,144.40437492022028,162.62343214210637,20.09568565109886,34.675321805852846,34.48620814729621,25.927329462084575,122.24992133698375
0.9416986393128766,1.922679960443235,1.6454086912396413,0.7101697636496789,148.88978317924514,140.17788006543242,30.92556281509469,25.187091476156375,30.06639735628964,32.081450645689685,133.19764926369317
1.8027019638468693,1.2311467973742705,1.841828340341137,1.6997828839209728,199.3848388899698,188.0314762148927,34.20134367038361,26.00318413774508,31.749469744340715,23.98892675948178,177.02548524472914
1.1378202567038502,0.533703962480176,0.9030160390774191,1.3124513219913003,162.34059581594403,156.9377361182283,34.854984556904725,20.386543981465266,29.052932097516816,29.892589724769906,141.27530463558335
1.450217329739221,0.8868315281498034,0.7090341111092362,1.7523953551989486,162.0660479824584,120.13121078224333,30.32068335611193,21.805813681836334,34.077946752096956,22.71774918575124,144.9825509047191
1.9766032710553283,1.2885352734540287,0.7575189287724553,0.9084609897790534,139.51377432643187,103.94595328908993,29.341301048597614,23.340141186846274,24.608246255319063,28.196878125921863,128.0199251300226
0.5275860148212002,1.8714482098407486,0.6766266243352117,1.3647747132713803,147.55460374868267,154.3024583957663,26.257901278468648,22.403384014647592,22.564046036312725,26.272171822441994,132.75270056597535
0.911082831030809,1.3312670037736902,1.4771305825277963,1.7446127055608025,122.77497361032096,196.40288471655137,31.359244674132512,33.46946970271683,21.261914933890743,25.896558613391015,112.03238161272006
0.8096319076409049,0.5164937429877208,0.7053284451032109,1.8500279627721576,190.9454610937242,172.2143235455906,21.50368345584315,20.24888720948897,29.92578023965935,29.036741629498817,180.91795347692891
1.8108351163437728,1.3961196532554625,1.40077529065048,1.4975550118193832,153.33866287653626,186.9969159647685,22.445286707223293,23.507192496395962,20.355616304667777,32.524208085416056,136.29040228109483
0.7630569179351744,1.8716179188874396,1.1281557873381096,1.0747077923742463,113.06523438234629,179.0509794274885,34.62035894072827,22.031893051920363,23.47212820647947,33.026142859204015,103.15045411733502
1.2783765579242563,0.5704489501625826,0.7494250531341191,1.6070504246395556,112.48208139668483,179.42106625494054,33.896956969342774,26.294410742102155,20.75933708403611,20.590877505392292,98.68780644402068
0.6241980018876897,1.4047281641995824,0.8680236645219814,1.0839434210629648,127.5767568251357,187.7090581018189,28.609247991035154,25.893426633397684,20.429786413664818,28.748785884688353,110.58728254318727
0.9330406051560498,1.0335090746974238,1.5785688577763684,0.9456825734347625,194.4042093825398,114.87959694051156,20.16953804883534,31.810579372239097,24.596492340550576,20.603870045138482,172.03925017719698
1.3496069604453458,1.2140756032986495,1.4955067480439723,1.9052446089871369,146.26756050653935,198.0987378162685,28.8252833147473,25.96526621649582,34.60700620035724,28.162979937555534,129.24701159827697
1.5988581458153754,0.8224105678861351,0.546774702591927,0.8933960664497376,148.34074359731466,186.3547522514545,24.128587715555124,30.64158296950962,24.072380038140672,33.56364937111348,135.30404822531884
1.3926168960503822,0.5771387202263756,1.2445493708018545,1.3952642733753338,158.873152213132,137.53299079196017,25.620829557610648,28.24802844164308,20.758596557363433,26.391818569283462,154.73121592532257
1.0013658362254412,1.6563683056187328,0.6598973797006578,0.6127066726037131,128.57835555258703,120.32230910860872,32.485453094914924,32.08473208045013,23.364778382802893,23.39118606515844,112.14030281594913
1.5922831343054051,1.2432369743092977,1.5326035946416041,1.1522410079056193,176.17981913776973,138.6540506823028,32.25957968319855,33.95597630253988,21.430413819095055,26.750879591393378,156.47871069591545
0.8696030498586602,1.7286534765112995,1.699123818453469,1.54204470628164,151.12754622007512,149.2325480001182,25.061814184463437,33.06032683186159,21.25287372020028,23.16688913837056,135.69917653251136
0.9082177058449441,1.3853460003036306,1.0414608454100402,0.6373731099899512,157.72790292331314,186.5577145624552,31.287025063797415,20.769407734718232,27.38803071071434,26.631605520195798,143.93410687453056
1.8759703631933642,0.7052279463784421,1.9253560307312036,1.1690086594369336,198.07393435834294,140.75842085738168,25.01601768483123,25.918584729783856,27.949108803953493,22.420510375825746,179.5842949822826
0.7776993932579295,1.3128514210675373,1.8094187538146125,1.5983373296143417,182.7518922106303,176.45277946547176,28.57993817425389,32.081484939499795,31.402413946852384,22.308498570406606,170.8971819593079
1.7098417217921746,1.488175050066076,1.5384148467767786,1.7737934773479789,157.35289514555734,195.60471436119332,22.23874204612211,24.0226155161737,25.416120895115558,26.12683372112724,129.4856452783256
0.8745020132887789,1.2341374454647107,0.8318141627294033,1.9815020119949704,120.04745155284027,110.92642103096215,30.19545825250018,20.850206482487533,20.520090563390994,25.878658444158635,96.10805704657788
1.91608900952992,0.5591402170527588,1.5583627587735327,1.8878724761234986,185.39619669554222,143.91498166337482,30.457455382069707,22.901530144347237,29.622567218843777,23.897422069104493,164.37718616593725
0.7708630176910003,1.3519178458289443,1.8732324463820627,0.5509189678786983,184.69688542070605,189.3090205195415,33.29129163220274,33.43534916399925,24.459308064219897,23.449906309448608,171.713697816354
1.5461304008702599,0.9460235110588262,1.8865942930647956,1.9565873677480516,106.24575936190715,188.34647629860606,26.169559580993468,23.60797377770223,30.085757649375555,32.39097026822428,87.79294326768846
1.9163997336701508,1.2113213249861956,1.7930639764839702,1.7668240978026055,144.8319055369422,151.04324890042324,30.096381963668257,32.36525670874024,25.95488243311211,22.344754560632914,115.3105532847792
0.9786507098648835,1.743373211226016,0.5555114520732389,1.3944048177230797,162.65925110932102,192.6382606730087,31.06926421096388,25.40711757712331,30.06906237843699,24.059659129726484,149.24922302948497
0.8450132559315546,0.6808503286659182,0.6154298024438137,1.5444331638172097,101.9116094429764,147.6843468317817,21.21844452210009,34.88872693231645,22.34302261895899,34.826314909452215,92.93873461719234
1.0098124456520992,1.5871501572931421,0.5980345111984136,0.9729355067459156,168.77220424305608,172.27069576982285,34.65919898849671,31.907271558620593,29.891344431229964,28.667105753766272,146.44394178475335
1.3092369385630058,1.6860847472584453,0.9781287543981049,1.4388370646555138,169.2532431537108,113.44351294081218,32.99152318066752,24.34159282429232,27.015218187273156,29.29084954049753,147.40022083473505
1.8289666223542806,1.423794782273457,0.8494392121304506,0.536601172334807,129.93955883716814,135.87155254170136,26.167857138042365,26.412296811354018,24.954270012531268,28.463477250268042,112.09688435527795
1.8051483108513948,0.5319041162755807,1.812052509026299,1.293405701040818,180.44372076795048,127.8759872414553,32.75861792022674,23.022925670094693,34.01649558130162,30.336314806223445,162.95202527852513
1.9086015477693443,1.6981748536604981,1.9969011658000062,1.0260677231775652,121.07049638672032,195.74480190380962,32.34909819020045,28.342860389450173,31.692750521360953,20.24300596009201,105.83187036713326
1.6507824333966903,1.1028963704138632,1.2198134304558632,1.4412581948275551,100.88632851134689,199.78208556819783,32.275706371693026,20.6020828862805,33.34870064544294,34.87944120857965,93.2680152550898
1.810515671279508,1.9761252037989427,1.6524101207967772,1.1266501732510006,167.68212988573956,182.84692994491172,24.411011932651668,23.154778344286903,31.48045045787061,23.7953951138038,136.64078358264365
1.1320355034156053,1.6063734523833373,0.8581657186524535,0.665711169697092,129.4619396346193,101.431527766706,32.98343574758305,21.54263888236215,21.889327945690376,34.687273326509235,112.23148634551839
1.0319332364611649,0.9308584874811225,0.9444621806839851,0.8504116265748649,173.786951856153,183.4144597000676,30.10758347405007,32.70330836643429,24.864940660272772,30.147256242809064,150.77798686598246
0.5631397844545428,0.5268109021001207,1.9815835846040473,1.1416597006037934,174.04761319535191,114.28502873008387,28.91362740962896,29.047251801844205,30.237986893065823,28.63038759693648,155.36114848395425
1.0764899707395226,1.5194709240396047,0.8273808317975963,1.924941775925338,175.3427922256969,176.89227821076412,26.43593553953999,24.138840415708202,31.52871996369803,23.394086450047794,155.11827421067653
1.679517521623328,0.6341165034683893,1.1263711636773925,1.818677461343247,165.85405156700548,176.61159327955863,30.385314592316213,23.4999923397399,29.37995254931681,31.206174006935434,153.25786530978377
1.9170980334371155,1.2011022668748046,1.4201170838160615,0.7505509191381128,184.5921439677732,161.36041142374586,23.28070833359809,20.899149512919625,21.96460614491261,29.089954509065382,156.8362457126956
1.9867529392054648,0.8475075520751651,1.9140976612026885,1.4744699734885527,108.86047139696791,148.7627809667211,32.74169609338603,20.674952318531364,31.012268885624692,25.119779689250784,98.20188163892489
1.4116051923182886,1.269032766524763,0.8460047175766381,0.7647920480082624,107.7649334671605,140.75430310324307,27.17792554879284,33.93289324768348,24.979572571037682,26.980054009092292,99.78012223650298
0.830729313605263,0.7796573932163817,1.66937671035013,1.0251878887500951,140.71064891256276,106.60098441402415,20.205236221410217,21.223980800072574,23.87887386702176,20.417783612316114,135.92282120411627
0.5867640148450946,1.953653945211217,1.8256788274451385,1.8916284247928195,134.88205339694792,111.09980987913148,29.470629890723764,26.395975352024337,28.22217804092033,22.61970778844494,118.98501820178576
1.9923617339696529,0.760842873829231,1.094363028353988,1.637357713556137,180.8235210009222,194.76880259644707,24.43898044154924,29.957367122790878,34.479540854456,20.75625160403314,164.36346192259256
1.5440309270806885,0.7308438595097826,1.7237496874859266,0.836660857754991,107.23164752579386,195.51152072917014,33.355764812828994,28.653218019668127,28.458793501334355,27.504178028116407,87.48916881040266
0.8357264222339347,1.3054616343401204,1.3894099022625548,1.3701293117567168,152.25765993367452,129.9565677953874,21.04091128856275,21.34815277604241,29.01368008488629,25.114378571533376,125.07211291874195
0.6372302560966323,1.8161912939455704,0.8984000638830592,0.6942723819242063,107.68620752761635,150.0624268070418,33.75902099866521,26.098858060392082,22.149221880539617,30.72078250253054,101.14145865376321
1.8331221198034657,1.93347724734463,1.793191425898176,1.714274112087317,179.45155444907488,170.70864772666982,24.400301321615146,27.882054610338397,30.46749178257755,33.50396166803105,161.47859753592707
1.4828629709585326,1.3262860559137089,0.6304801398671152,1.1126798196060481,105.02260114639738,107.29018353679035,31.88286792202514,30.145416018090863,30.194497735927154,34.1888696604813,100.41290448074975
1.059032775518471,0.8896306756404893,1.5851301705328775,1.243813602618156,140.2873282632637,129.52904940479434,24.43736146244804,20.016681412942813,24.07931839097298,23.26837069440116,119.39158099208859
0.6215693238614719,0.830274802924717,1.5248881454893939,0.6141962892354502,123.23843230560479,128.10044989087135,29.927518776709974,29.505673996482933,28.90192074057086,20.243651648141807,113.51409977268808
1.776810371073153,1.2427197905209615,1.220879865989972,1.3886116769892765,180.34827432968848,192.92280536318538,30.931670816759713,24.852956187282373,29.975839835099464,28.3486764275323,171.6575360994389
1.7370214488877238,1.0217138118532896,1.5170242288385953,1.3485979459936865,140.51026945275663,190.6111002132497,25.140963881418607,22.018644006561615,21.416283464907213,32.472774996683356,128.5577705492673
0.900542405254132,1.817944979532737,1.6961390324103922,1.4876777519876383,132.1495701247882,147.64369863437918,33.77596313122337,29.746820701464493,21.55151172290725,26.03040825332361,120.31752064026462
1.7758725936413629,1.8009413014397035,1.5625444650725522,1.755519992545508,122.60289978159997,164.0476042175844,30.934088001577358,31.69731326015102,21.77327933436633,20.000460782680737,110.38539020756173
1.5462071925039256,1.5202111576404507,1.4279170673227766,1.629074959336462,197.89811151748088,160.34930960433786,30.682055688209076,25.348942639793083,23.817219974273904,20.193462046842882,170.25389308010324
0.7379076579396106,1.8213061387983926,1.807765291617848,0.5438709245518387,135.7814084113549,164.78174459905284,28.104491101422497,32.76726103138972,34.36447469408882,28.486174259199338,128.98113224877116
1.738725125847144,0.6933048012101678,1.0026782813887127,1.6152623844374117,112.29206784653876,188.86590802653987,27.716919916098412,21.275845782338617,28.233092023138994,25.699686184480917,98.00857286285955
0.7411398440724624,1.7269505361785933,1.748201266936613,1.2612016006412543,150.30839507798362,144.9349742039642,29.107029213253654,25.8308952181482,23.604486851755503,21.42447912842565,137.79997185210033
0.5095788075752503,0.9305571997623692,1.4253903775636134,1.9717792670411352,158.5864788453519,162.47838627894026,24.723776668833437,21.449672514316283,22.65345426235976,34.81004237869319,134.91265942796048
1.4477202905250026,0.8897053715962397,1.451008554649417,1.3099780695737833,107.1775806226513,168.26172212234025,26.66155335359928,27.97807649757525,33.104277931058235,34.933533507360316,90.56252423784727
1.6697680927267153,0.6604709582404376,1.641541853753042,1.3118998680141654,124.19316803155296,171.39526325065899,28.74071674017022,32.18710731566257,24.904115365050128,24.586159361709367,118.94928822450883
1.944488005788492,1.012808249058029,1.4489328397009222,1.8980421582650262,182.25347943841967,180.395850755252,26.040555814918402,30.087608940104737,30.23287533882648,24.728591519741762,162.2916200497885
0.6537645919860189,1.9058427308546766,1.53182858345122,0.6017555886577579,155.2500967407889,152.01698923107512,21.99814886204943,29.48594384698263,21.924887932831467,28.67738762343995,146.99146444692275
0.9514453504202244,1.5622581329679224,0.6010259022031575,1.37325569026441,114.28759613394118,177.53461504031355,30.401331920844633,30.509172445916775,31.30208165989395,33.09289132348497,102.46768322525448
1.018824585429435,1.4313732766512157,0.5686130507187692,1.8073052092285644,127.14093804467143,149.66954228179466,27.499384879471826,30.953737842943568,29.28759103048755,22.79959909696524,105.217355375415
1.9602334537660955,1.9533167829285372,1.624477747614387,0.695129360195948,128.42740929275166,113.38283629996931,20.38534467304112,24.268120785154007,26.645505595064293,29.256589166429844,120.0450063621351
1.6373947938935338,0.5368803746882023,0.5331853272934959,0.9854153287243119,162.95576968917365,105.43320348229038,32.74938995754808,22.943685750592486,21.883246848477157,34.45219921211491,143.71073113147824
1.2329647856069985,1.6556111267116898,1.5249430649097577,1.1688540595651224,174.86452341262,131.75867952611168,21.620668390646106,27.177366051607837,28.78345593189953,28.120616313611574,160.8715151389432
0.9104399994224988,1.9956867502365667,1.1392719533539595,1.1770805364945132,100.01346930044853,151.11291392372297,21.29048235549415,20.85540371005429,21.582251411915536,28.783815258089188,90.1381767081041
0.7454357317875038,1.692214323124894,1.540523338672233,0.8311544191831406,104.68519085276031,127.61695578208995,28.165173314514817,23.506111880551163,29.566612127683875,32.30101253083474,86.50108062776994
0.623571568423764,1.5207489531120697,1.4817668214217028,0.9098892904973139,170.6976487455716,106.26896216218658,20.623684397698906,27.471949153220635,30.339656181540356,23.784678906045308,154.44935769786727
1.9262953433756156,0.7265868376713503,1.1485022015639028,1.9154238802513983,183.93384923560023,100.38199226585832,24.616563579397237,29.204568544840757,33.46902940165605,32.14886630454349,176.52158002280422
1.1295909753891835,1.4577889214961284,1.0963915969441915,0.911322803523005,124.68238692019023,174.09040561520715,28.746953286493753,30.953325766358738,25.47233705311698,29.61448292148137,114.67908052074351
1.9759664719397423,1.1140010094725645,1.8411488055187015,0.8449319088366293,131.62701497293068,110.18923880660135,26.992723866913355,22.849042046863413,30.52607410815886,28.34696956023233,118.1767247106103
0.819657056037625,0.546701124326767,1.4775002380638276,1.0527895155856417,136.0233918800428,127.03932863845256,25.37932372930387,33.67008785117946,20.314011767401,24.73659726874244,127.797769701823
1.7965373747594555,1.2098148600373357,1.9522901418720826,0.7782882735546817,184.2711902160555,131.3347917585143,20.853220966664697,31.497909743324406,30.531611811706888,24.970283281044757,166.8974135204655
1.8029347519334162,1.6648952791876126,1.656382766966078,1.7671748421753315,178.89324717760073,189.18721448107345,30.134943533106096,25.93905839293925,31.343806871336515,26.812754941050592,162.05159361115463
1.6415359864144983,1.4393304824471231,0.6968673165235814,0.5487892692368779,143.38174195765296,190.9943143854392,26.184195917474984,34.02094873232451,23.763186498360504,21.806710099948482,123.58544190109214
1.8812717717235303,1.424975471781107,1.6948059364642645,1.222283527268825,137.7318053963193,196.40784164901083,28.768146698891872,34.539827184262684,25.667588205907798,20.930551454431722,125.12786498563536
0.6759622834435917,0.6877786883038257,1.528347930843457,1.145458842349194,108.9289524525573,168.70192665032425,25.08957900964351,27.588974814793374,22.428845099483205,29.87153327084738,103.21327428938629
0.8007870900505051,1.2373918201121552,0.5963134056127011,1.3729571028715981,149.38140404569288,138.76488054556472,34.96624083515301,26.77609213972166,25.32092835095319,26.010562502517,130.26295288062346
0.9034901066526465,1.6963386509557823,0.9655429383853606,1.1828302236227017,163.2711878748601,170.38570916343312,21.727192675928016,33.24910402139336,26.22238483282028,25.80911617137262,154.06654819360884
0.517430809862151,0.6086703316918383,1.0887403346100273,1.2199082520756852,100.43632696503091,116.69530887471987,29.895354093957117,26.630501313966853,29.723502032117693,20.92169435196181,89.93416414780219
1.4000308221789557,0.9374938680639548,1.5424728291898138,1.7901835957838068,171.30460506343186,166.63854135782066,32.20585015583341,34.10755929319104,29.73148079239079,34.31848893288216,149.73529699939598
1.6697764833400246,0.5594282380225357,1.2207604208867435,0.6573952676272623,196.60475051286772,176.1037790250783,22.271484715549448,27.161242842205304,29.02710100918171,28.7260497113178,181.9324358461822
0.8630675237937913,1.9799938899007197,0.7137433143522698,1.248332230177034,195.07727077313382,170.2540501534807,26.021926686335647,25.071266140493922,21.902360338256283,25.87613675843417,174.1355725171291
1.4272336014771787,1.553697455816156,1.339473025230371,0.5146562711287754,129.80522086394433,110.53649222508565,22.439912226582276,31.015485147383274,23.13246403241885,20.878479579268006,120.62227321498044
0.9896919623659879,1.276567465077067,0.63179974871725,1.025940396813771,178.18238633449357,164.4149221475916,28.285492067258517,28.928445990791026,33.07869591920758,28.654724186265227,158.90535453975156
0.5498046631870499,0.6178677457325311,1.0953849143023942,0.6990736310645905,104.81860123932962,136.00504659009783,25.182212805851684,32.045178222894805,28.104183397811315,21.189204269467876,94.03761039774714
1.3513112723923373,1.5341974537058987,1.7008800486636244,0.8002253663672152,195.6799815484286,150.04011457102013,28.4877584046987,33.620278181324935,25.944689382473307,24.444887028497,178.5797844152572
0.7512238733886046,0.6568517605016004,1.454645374315455,1.5597135897303518,143.27291360197046,145.7699605159294,22.1520418552703,22.27168282903036,26.49157226512728,28.935197362422944,130.40010752972344
0.5473792172384631,1.9043183693655348,0.5779569254772086,1.3119445029516057,120.88827240051637,136.87071708647952,21.209231077544025,34.093528835377484,31.32700426167794,28.79935877425494,98.82178625820605
1.5635907791763746,1.8064536856191284,1.5711303981986418,1.7025921246046878,136.98132559871766,105.23550201874724,32.42658006408486,21.202801352181698,27.152583165996866,29.45139690292495,117.67697433837394
1.0091752888142091,1.7222376706197684,0.6201722695770127,1.8422249840907914,176.75676285179182,141.6504431903879,32.42979359177434,31.752043400739016,24.156038745700997,34.11320254338806,163.72813649056673
1.3213885642306042,1.7259466549437406,1.1784774267774503,1.4653665427947875,182.21798868164234,185.03480011198954,21.865187621463054,33.12700427931728,34.56410374406928,22.657302848339384,163.33550686897038
1.28960399140417,1.5973842826329978,0.6224449730458843,0.5905281259858457,121.19940546986581,165.73534821701287,30.830990963056777,20.604282781669976,26.081342377087324,27.74424948796511,106.46080840902212
0.8706548510152197,0.7393170201697825,1.8076753498883025,0.8288209810370665,147.2281804162982,188.0156737921485,28.709678388644512,34.03905872372839,30.08376030941292,27.219169268288553,125.71249229838101
1.963797883728697,1.0053436876566604,0.7731768735330489,1.6845477607137187,121.57406791764541,167.78132003100444,32.14512554398834,34.257992314316134,20.33099223023436,34.73781908384058,104.01797951950162
1.4880616632513142,1.2472935746797085,1.3330453264064468,1.5788026674083957,160.77521222527224,129.53014775718327,21.291982085955205,32.21580168903142,24.205021288271187,21.982694866308076,134.5886978029353
0.8426821119969481,1.994500874085113,1.9621897432201747,1.4754885295204052,113.66009036511726,165.16397604772766,26.597834595707525,29.659348691714204,25.714277675352125,20.818481124240485,101.78767773509786
0.7993136763937176,1.5203423636469369,0.6082976134687638,0.545978753308709,173.85974581323308,131.56273437633502,28.991917094880748,33.53604914166012,25.748230489208776,23.244991664462404,153.48158332900454
0.8865243327668205,1.1939344351089745,1.8024087581125707,1.590753604649462,164.4832604022314,139.51309076115032,26.63866018899223,20.725440665731714,32.30731376720412,32.3951121642528,143.20199490708168
1.6140597817999716,1.138240001672113,1.0189024888204443,1.056558144476904,171.32068832826178,119.9215274894053,28.820006951444427,25.296543334075842,31.99675046668675,28.32030537182551,153.84800236959583
1.9814743456040866,0.5601637871187237,1.8005472441836727,1.3680131128585902,189.02150026361744,128.74095964655797,32.38898462825024,29.47188188874531,31.76608209819196,28.9784448982664,171.93920339151938
1.1579231287843856,1.5878864906227048,1.2300034121370542,1.810134857122491,136.7785987756153,105.80919520803498,26.212116023234994,34.369187898892065,28.11670737318267,29.076342778108078,133.5667285591035
1.8510527960168877,1.1325813903101831,0.9152416958525773,1.3885254928900435,111.15122123212764,151.5861902712328,23.30731459122124,29.384761841409148,28.574114742244156,22.772575969205374,92.47668201109882
1.8685450184250365,0.8159932835084999,1.4344498753452242,1.4473403301387808,126.75926767279715,183.54802257421943,20.893806460297156,29.065389795721565,31.455384040254806,27.851020563830122,119.88024612202004
1.5996695336229214,0.6973515276908897,1.573737447023133,1.8635487809984614,101.46933886549539,137.90940486719362,23.401589379794686,29.997829650395524,21.201585899144035,26.62750557202932,96.18791278402122
0.769524663305363,0.8563149873858165,1.9570926410624594,0.7714654290642347,133.73455467690928,101.93276309176011,22.4505013759763,22.76688576589825,23.034409237373055,25.80060585565967,116.46563551233486
1.7815776400543686,1.2384167846720522,0.8708466116047655,1.8061248519087671,112.43683990005103,141.36426749186353,20.767253084305963,25.96690161393647,27.675611706720513,27.249414274494878,102.20933568297609
1.1679578825039982,1.2722260308945352,1.0388500540996486,1.389426277152391,149.28645844474465,140.4289747254869,25.74176150604561,32.58719912106129,22.179900386307562,27.58545115672061,132.06964635358213
0.7452858088775342,1.0866223049776411,1.9541184835029313,0.8872001490516913,153.0937678412094,159.51316749056815,20.930621254348313,21.067335183168645,28.607987745156443,28.490276373317315,138.71283395918218
1.4851049968119383,0.9877850963370423,1.660209688529901,0.6963104910775247,100.99238211278356,146.4095159453504,33.17050269266686,28.3681051349011,34.396865306072755,20.730422725998945,98.43879896852796
1.954731567617817,1.1806843120754589,0.8540756950196959,0.610245120995019,196.34992408875883,151.90322801295486,21.470115271711116,20.66098792355572,22.7791527550031,28.119051664125173,179.7429628430395
0.7546368576313112,1.2796609228340265,1.0055047646469295,1.7433250488239143,167.75422674589532,131.1863857916883,29.68358272141142,20.683777369230032,34.189563347683986,32.63248064975571,153.52184593747302
1.146331285492709,0.8730714088814449,1.425717479906045,1.5601658253281687,177.39913781527625,177.2921481876115,24.449187232356397,21.15781295339702,22.54830609828586,21.90416620632459,157.5076774339754
0.7505628618514248,0.7514288244324765,0.5550071404003145,1.6046030225984609,152.1296047654139,197.60138232792136,21.849256689484204,27.778425329986007,23.687711637401005,25.372095747937166,129.49636096425084
1.4957067914327076,1.2119463136247208,1.7662556734537957,1.7085052294250798,112.55502147626534,101.6947664889581,34.84258000076484,30.26471373388017,34.23471000570502,22.138348325496736,100.25717827593677
1.3780315465951283,1.8024069207698878,0.8087618150551523,0.6678794290965918,177.01582117570962,180.71555373648826,25.732092122488538,28.320977049235314,21.15137092833107,20.062811654419367,165.34727983245824
0.9046244172754845,0.5856302841339722,1.296754292001548,1.9049085384424422,112.02072291205762,126.5582832958606,30.056515006953763,29.627292752021532,26.161832149994176,27.34466114048049,93.18281133790362
0.5590153110027645,0.6831648710150402,1.1782985424251529,1.9008125262918574,101.75523633666289,129.33086107805647,26.231645008881344,20.360075672673332,25.030574093261936,22.656233830959348,86.30426586211313
0.9742341574651258,1.2608522130325888,0.5623592885755881,0.7225148014431333,177.31418739186716,151.7960527712579,21.47636283652053,34.35080650834025,28.990395875632483,30.92984426354904,160.2141073338508
1.9799451844382703,1.9476780446540682,0.5074099714016145,1.9277176781348584,134.80955931682882,137.17392949063304,24.730456148991763,25.89720694241023,23.553859908450853,21.45448506448137,116.40532946090963
1.4586799067232505,1.8018774417800332,1.1821097834507888,1.2733940428688753,100.13536257154682,129.9800527565236,22.685474561623757,31.962710679447287,30.16318707775664,28.20393313978215,86.15920907881608
1.2332698703853802,1.5002963863191565,0.7094768821344694,0.544960384809017,164.64587416379305,197.4194443816357,27.12634809300152,33.836514254841866,21.091024216680026,24.20901219856874,146.0632938387729
0.9618949123867864,1.55702114410497,0.8027801781844226,1.510148649987376,184.70608269838993,102.35949646455292,25.24906780356071,31.736387183191816,34.88771930242957,23.610057721357297,159.4073874076002
1.9548680691609057,0.6408510736841275,1.5089031773376895,1.1656253289568568,189.85606046748393,178.31984132986258,33.11461001205621,32.45934140647687,23.3698609646265,25.989988702988338,165.9998451896537
1.802213381566258,0.7657246841710789,1.5389389283392467,1.7571729344721654,178.03761235709806,145.79957590035715,26.14509303938779,34.673310027898374,22.713378520683474,31.98736956657173,163.7509907053248
1.9169213292110348,1.5248720424344686,1.245762146012641,1.4267708603018208,139.80052929545027,130.29157288331925,25.01289071259665,30.963055186642407,26.300165064434943,28.675396446748103,119.28362745475043
1.8033574767180773,1.3559146199582446,0.5455805895452552,1.8964230432604667,106.56948589543657,122.8235363493699,32.48917659989196,32.06248347475826,32.996347753095506,20.894259880169884,87.92317663341872
1.5342901265473416,1.5147700786658698,0.8235127285965758,1.488328205348986,124.66036349780246,148.40770697102016,30.380758295596173,22.09981065082644,26.237278520276163,28.228826225820328,109.04420225035275
1.0907966084812377,1.4768494655622382,0.6598895454619861,1.486767956904554,174.7444406596694,147.38098283979465,26.041092271202462,27.794175137045112,34.94789463197929,22.02825970569282,160.9297741062517
1.999120588656,0.572318058290834,1.965761276331976,1.110361941084306,105.78444494471606,195.7789800988204,30.131840680046384,25.94001449578423,21.99514698360993,22.381051450614642,94.22139141026001
1.8061301755058887,1.6735782260874101,1.3505243914800018,1.6076738138769897,194.27243190941124,178.51895431484084,34.23909659368425,33.19402245067643,33.605629406225326,34.8729916374108,172.52228332789204
1.817773341952022,1.1062104824765495,0.990549742344858,1.501390078345377,199.13279015642206,154.4482332800263,23.12473085012777,25.331590060460925,30.038285448873,27.257038097909707,179.4413051283579
1.7117689129118878,1.6434277021649235,1.6967204732879517,1.1533749722193996,196.27683502532062,107.56050406167508,26.275843000675003,25.367168740033897,28.906709479151782,28.63390142960123,167.9206143584903
1.7267513242625325,0.6803135830559126,1.3167336469412743,0.5086379907471823,136.56807482613715,122.53812680067658,22.4218675109636,27.076097562776585,28.30207664314775,28.55430408097086,125.38479561239859
0.9868787448504055,1.0496923023070968,1.0942590374138832,1.5432008100347931,119.583308413427,114.0802948892676,23.151607893685277,31.134070883784304,20.377986422316045,25.32247783314744,109.54215272910253
1.0828371519055187,1.1730404339337959,0.8563161963114911,1.0598776874440101,162.24136415659967,178.1321855747305,31.703189728034502,28.458393815831037,23.917436487662904,30.424296790145718,143.9706853704611
0.8409044408947273,0.6097938856526655,1.4051728900720668,1.5023191978325243,157.82983994203607,114.69627095882097,28.5108641623411,31.94365414184581,31.02537779284735,29.15161883054352,147.07647850681457
1.4292355190144217,1.1952410657008585,1.0696786702688448,1.795000474357738,181.11237699334708,163.59547071637286,27.322665129662212,21.99773188501285,23.919995268280758,26.28649209375628,157.3636587992472
1.278622677704327,1.2187728164445963,0.5384630987096535,1.0118717414392346,138.81657061269954,167.4130295536063,28.98948930509583,27.70561782822957,24.322767889392942,20.09696536684566,130.57445851769742
1.0702934281787857,1.0982341713453507,1.3702585538409984,1.3004038200903176,125.99049792428329,134.51922084942106,27.44358832851221,24.284389828433646,31.019124510658024,20.359193979057252,114.16391645983121
1.411857639190167,1.6473248923131925,1.7194786080741402,1.5771846143397417,191.74858431319902,129.05045056714204,28.772417169586863,34.12211356259098,22.616139006672494,27.07474236125893,170.89096293248824
1.933285543932402,0.5273488740145424,0.7936669785253192,0.5113443124672132,146.99882681579368,189.01411373960147,21.37132987725707,29.38522868392029,28.257975208943385,26.110482863192484,132.19957595737276
1.4712120712319046,1.8470458234249802,0.8652234448644489,1.89055181719446,170.77213502675275,106.22032261647027,27.82065532210612,33.448619877035156,22.944414534666006,20.33846767558021,153.15859769502276
0.5904010854343413,1.9016540402082716,1.0274340308594516,0.6521312426738248,114.73030442789704,100.78415907719169,32.92497327048652,28.656756235818598,33.359876831927636,28.95417835119759,109.35868846719592
1.2288076387794884,0.885164851580762,0.9273093529428842,0.9609349473894299,163.09217902291635,144.76734254104184,32.15241634939554,26.445100450327217,31.247898969324034,33.695622003347836,141.39956548326964
1.7045388467489953,1.3087419150128818,0.9669615487340055,1.4155006749663777,113.42748509022755,195.79341210567705,28.581844455833092,22.711777258435692,24.031964225452974,22.979668653461086,98.2721403854718
1.5742260113347903,0.9089360011003007,1.1203236522880273,0.6828291400054214,152.965972394562,124.18932941128892,23.702855413935993,24.596231740265544,28.327006801297827,28.81987444195749,142.8508896154682
0.7717240243020205,1.5216767809474743,0.7721575215434404,1.2877450755005904,150.06035711547077,167.96203327351077,26.397496208627917,29.23131169731253,21.22362388417049,21.3168235558724,132.0766467280044
1.563569392583649,0.6603153846421157,1.3509683294433552,0.8848441755520456,107.62392179735645,127.4703815047892,22.57744190536488,27.77116247060517,23.209920180474704,24.24926605238866,101.36419500427876
1.9443903128563698,1.2253184700798871,1.7089888246627372,1.3253398132343928,180.69654908839937,145.96648704026612,26.00469254259491,32.1779918601557,20.207932038692903,29.740682303549335,171.12407409460297
0.5651187992822287,1.4497270633910335,1.9271050133099856,1.4024177302194967,154.6577142032295,143.28160022094693,30.03314796561028,31.97983670534955,33.9912940859047,20.302067734239348,137.18296764819837
1.7287832891401853,1.8263096950226116,0.8421196579233987,0.81806725986234,104.38999426430051,116.5749779820156,22.306755582698244,33.292569410839896,26.87777843280523,28.468859584001954,97.357806470747
1.4164714832764875,1.1165427047100571,1.7597919543000806,1.8500346850970169,144.5541638741891,120.91854654079279,29.94540805584721,30.185999067434558,33.97610604974762,34.95424126117504,124.33028608007092
1.0301320689540772,0.8553058384617231,1.6707882728657928,0.9122090533222041,104.99790286596787,184.36496640518237,30.802361913964106,24.30831813807726,33.19628603441515,20.738313718111424,98.27177906971013
1.7339214777705176,1.1356073804731444,1.5013248489372057,0.6433029707520023,198.1192529164116,179.31428739967396,23.466212793117442,33.46078576195572,23.842872716590325,23.309765894326226,179.30444755470427
1.4357889870148595,1.1776515181058436,1.3799126947632112,0.7520213116172951,185.3784921704667,124.19771303170454,22.071879397103707,32.886676364703746,27.5008738878663,30.123398045812323,169.20583436422112
1.6053106174162732,1.794195616314843,0.8251097001361635,0.6435718332802426,196.06269755131996,119.69257044534284,23.585995761125446,31.370606315168246,31.40008317443148,24.688970373624503,173.228567436011
0.5354578790695046,1.462957250664899,1.410641054133171,1.320046119071105,195.14298103618324,199.4819293965951,26.160239495154244,23.145354161453014,34.64841534984356,29.684038655876172,167.32326585472904
0.8479206441739631,1.086358993858272,1.3917145027792595,1.245150288288754,171.17228057460488,198.1143731791822,34.018158210732736,24.550783154437,31.728363694953345,31.48787965827113,156.57131284089192
1.981678280322331,0.7046596288350997,1.5427168310713908,1.1064781521564382,156.95397795671036,125.95417831760903,30.374834777998124,34.48458462900201,25.903330041594735,21.96075985384636,130.94156439864207
1.1422994223884222,1.5763966484872642,1.5386542269865544,1.9868839905532825,143.69958856656208,159.3560935378786,30.075632888660913,30.939647007158094,28.62590860188222,23.102268397000945,127.7428772486932
0.6925914341811878,0.6561644740762496,1.5865082256931118,1.3675803755096136,107.3081562027015,162.2343264617246,27.56683912504033,24.68284604853694,26.411997922500337,29.67827863766996,101.2832499145312
0.9112409998397089,0.6191290534834799,0.6284873743946457,1.8412863119961775,198.11778367622946,119.01076497837276,31.178221140362517,23.483370363520148,26.0798804097043,24.037423564874437,179.26549398797172
0.7878009870781144,0.9850573431732812,0.8399846033404821,1.032494458747906,179.2595116288383,190.78987937796194,22.979474207928035,31.750808299937574,33.63879041655488,25.55348278526865,171.07527368990355
0.60413576411914,1.2785896863624056,0.6014188453883224,1.7005347617335422,194.3701592820221,196.01356044054472,31.269183865606504,33.454929340466165,32.69186315795348,22.74220082808839,180.05868911672874
0.8505681228656495,1.3100178719067659,1.8201186313421873,1.4763160535707913,152.1459638721472,197.73079079915038,34.34437822270042,25.650146606441936,25.088609917607545,20.936469909166703,133.6618755433046
1.299436679827003,0.9865006296730634,0.999502869587297,1.5042304327972853,175.73102071344388,116.16714362369619,27.292604811573245,21.63520423461393,23.72809731391139,24.75413932650922,158.2944855413567
1.9912090418317514,1.492758784774068,1.3366751260550374,1.595975765358869,147.690010646797,171.8331175372004,32.132394852375256,33.13232975593845,24.536994761922045,32.88047181866861,132.68415606939513
1.1978084184255773,0.5902135139011778,1.3434452238168646,1.9364379267580702,124.73403158190834,164.06151835488873,32.858464060546865,31.469764255773104,22.200426710227724,30.354842703510933,104.34974460698687
0.7629544135364894,1.5350073362309986,0.8014005329885847,1.303741526709622,166.66004790466192,116.26997438085658,34.17536096870853,30.238107181507356,24.974252736617508,27.50868976146247,145.29204853177396
0.6450146744700794,1.1755564043872777,1.634244993342869,1.021357286358473,156.50853124527563,177.16269109786077,29.685875650265807,27.658556130927554,21.799294125964547,24.680960669780312,138.05387358584875
1.4973675867308271,1.6931749411845938,1.890766729219179,0.8519631227831803,149.8895664535942,101.21031167761075,32.03594045830449,32.92127069143276,22.059500490733555,34.28580128598087,124.71950729395509
1.0989738737139623,0.7286240199956262,1.9887252532375628,1.890501451886443,100.90384690792922,135.70293439700123,24.93233926772914,29.9347060809608,31.27737718935022,32.17919351956825,91.05092955839451
1.3099356954208394,1.763049941564632,1.2814369659080633,1.4353785320041395,192.61940684317818,122.86767796036088,34.186245533388956,24.69379322043234,32.87759681827332,21.975303551543107,172.11210693559516
0.6336866481740249,1.632905630745212,0.6915702254528522,1.7391014453787925,163.43636888716873,122.20758706933205,30.575613595303892,31.12966594270979,30.165848618019808,23.784721042027293,138.728262491894
1.6730421315055788,1.5631170466144646,0.5542405707871432,0.9546925339179929,132.16699896595486,184.8042089601484,33.09564720522805,22.532876950555924,20.80452187281246,30.761974859178682,120.97136339574604
0.8946688548662642,1.0402046112072787,0.6314641201457578,1.9054367345465941,172.8861442269947,109.53992773132106,27.132135728491004,32.736470299380144,25.750957115873884,22.524178827615692,159.17689352775005
1.3307033610685643,0.9582864659870354,1.0954722756114252,1.1708038107572536,142.87020209864335,102.91697636452645,32.54663288704805,28.233644474601075,22.837936885855324,30.805759978796686,129.71835428310348
1.4008915000409259,1.2735191415447467,1.879087959821626,1.2454452243587455,148.0890146603009,166.2434011701068,27.666704577342507,29.064694733604796,26.913475073098727,32.4306347572701,131.65977231822598
1.988237022234969,1.7771374366176436,0.8127657715360037,1.8958928219658744,111.85026235981516,128.88849389091658,32.443440735245744,30.640832327365793,21.581020660946933,32.58280792856103,103.62244688259293
0.6745495968282141,1.7261745627367873,1.0709349402148702,1.8169614806676042,139.7836625502157,191.95310246560496,30.065194707993648,30.455362490064495,25.444742606058075,33.1891933423551,129.2063980975776
1.8020850351611755,1.7088881001764318,1.685045654460592,0.9570187086470612,199.32550154229642,104.49112989956159,30.88057400352286,21.68885699793792,26.11667051609244,33.295705429402126,180.92996923666524
0.6213789245768783,1.1044702681477423,0.7602867724797631,1.5424266333536925,176.1007923495392,137.17240664023433,20.707950525460685,34.42124929463074,30.187438524793443,29.470639664650648,154.36765186241146
1.0191495898066782,1.9634153012898723,1.461458116017998,1.7337208454515414,139.245818622948,175.42649733470228,24.058388847319872,23.731876831087657,34.13087329232893,24.47408681351184,126.7042405882091
0.6987870091127726,1.7930217234089338,1.8841357857700916,1.230592878228404,191.84264321454089,195.09285945025482,31.63257945078499,25.896826973106187,22.08881106177056,20.160729465430386,178.63578214721417
1.4093794066264662,1.647214701354493,0.7622579408906188,1.2538491146951636,157.71225860383208,135.7121159300503,28.16386005522876,34.63668227823399,25.537042907138066,25.35788500989567,138.95788745039025
1.0979945416584695,0.7195609882433737,1.051301633437297,0.6022584640782404,178.75490858587793,125.10013832623002,25.161374267741632,27.808157559572876,26.6099732513644,33.19871940090522,171.3691144229523
0.5387178604242304,0.7027494337322342,1.9446726673837609,1.3242943038425254,156.40740288335178,135.85784615248733,27.582811875852354,27.61636757282853,22.07557392080835,34.74109311365579,138.1385079250897
1.94873324172983,1.148746817495198,0.9677241996278894,1.2592127942603661,165.6631073707876,124.03989128935069,23.749593363032446,21.10046101189404,29.94719373462813,28.93049555235309,149.2588317004095
1.1592675329493651,0.6584970263926159,1.4612394720353095,0.8240572737643994,119.15929457348258,191.82390866754372,26.227184809891185,26.33288350821017,31.77595881569647,22.935689601494737,103.88093713610265
1.4293819323467445,1.4753016385972302,0.7280372796929722,0.5920244406660022,110.1803682949537,150.59579077349315,32.30379978417335,29.731206708425272,26.284546606692864,26.87042924875803,100.27868564505962
1.6711423791026596,1.1897006356539803,0.5872456932582137,1.9922994757546508,122.08527829630088,103.89299633256674,23.849708107791436,31.281714990454624,27.693121134579016,24.812818141247654,101.16564200349443
0.58667084149455,1.5425528432878297,1.9755183878951204,0.8587701563238884,103.60188182914264,117.52217721058273,28.940751736414253,34.93601678076985,26.528934194848308,33.810371011679294,90.51148465214477
0.7133740530307943,0.6820774091336433,0.9549127213513933,0.65156871651597,186.67703545060004,128.24787439770267,25.17525259886849,20.820990603874787,23.063631595526434,26.280427149915262,162.54872590379722
1.5382420125411977,0.5934376971950941,1.2641331922246846,1.9950452807794652,195.04591705752958,158.16222929891936,23.294523928918537,20.003405573273835,33.72502306621291,32.65819116846394,176.2180170912381
1.7209554042590283,1.4228291573465164,0.9593804311799174,1.4358437544374576,143.6614189768766,158.00888346694546,31.134383472304208,22.51721893469043,21.80545364314979,21.01407124208575,134.26751395673347
1.2905621958674773,1.1391250758355573,0.6960655651102992,1.8299063228607002,151.66983852262678,175.87762537573252,30.86043783159382,33.93211941031828,26.458037313695556,21.78711007994072,139.73288560593687
1.1746769732319837,0.7919337677311475,1.0516390263159345,1.1211946287933905,128.24960659728524,135.30503916003025,27.6858923109816,25.23247861187945,25.622373865249966,29.31995936233561,103.56634913326226
1.7413068433503114,1.600421570842103,1.6539573404620098,0.5165468966429708,189.40943025332507,194.64565131504054,30.780771698933037,21.65905398309741,20.533853462097145,34.91495454028572,180.67883549263198
1.1242309972696423,1.2220162274529853,0.528788415234585,0.8897198131175513,189.25582274864746,141.94479939573137,23.49092523373328,20.807457873626888,22.8481299364388,20.584367695226963,171.80664017688704
1.6404347346832024,0.7056645585934986,1.3029651971788874,0.8228028080258563,178.03655030068816,147.63357333010987,25.877163419257574,32.036026766769865,25.11866674636581,26.6627511031755,156.35039956815433
0.5181811619658399,0.8618021863993122,1.9638106323650808,1.7023056678244843,149.75398521461022,120.46801090572839,30.133801603511582,27.633411051048203,32.921685290319864,32.99053512568635,135.56422628810392
1.9393649664815502,1.2317810658895436,0.6646042980162552,1.3219392334605393,159.11303032585164,118.61358977533479,20.148660432367304,31.670694597247987,26.91100400362511,34.83260811955495,144.08267640577995
1.1815660018399412,1.7665356241094239,0.6471238711763669,1.2323617055326672,133.1564699067194,185.5030201619935,27.248481138131528,34.80343918082446,31.318540418086048,23.729073269199596,116.50657933128964
0.7250729970409764,0.98701389033509,1.6060356160816995,1.2140271940531497,120.70758092108552,107.11582851734329,28.075924689304365,34.88203459217874,32.86295911627886,21.460503406868316,109.62640616568736
1.063832427718654,1.0917144178550529,1.18917015260898,1.6775248157555853,106.90075926128164,194.07845205031077,30.59557995214994,25.183693788062197,20.10473392820522,26.052214535404993,93.17332189705193
1.8381270334103517,1.9330020297558925,1.6803550793829427,0.9731103436220191,150.69204379618347,140.94120718170183,23.52131632587457,32.28303905780707,25.059959132686483,32.412855409307255,133.601029453115
1.5322020591298133,1.1564046860830879,0.8820059330690768,1.7613073691388839,181.08785810079183,183.58259279105158,20.00896908252193,24.617287250391787,23.61747821461643,23.503510416029165,159.54767661193722
0.5576395234434874,1.8526429882031352,1.1922161969371012,1.4558022152124206,133.21910331156045,169.36180574737952,21.022799296481942,22.806864056157526,28.333243548284297,24.370416092566167,112.73383653170613
1.489030883308674,1.8426766110598045,1.4550045232508109,1.4209003771400925,177.11228158518867,165.46506868659546,26.26092173493722,25.653003205207828,33.13857387499842,33.579484985157734,160.13023577774675
0.599978060841035,1.2776120329178062,0.7252535012255625,1.6061506530822283,115.15950748000994,187.5883083517057,27.3943545748379,24.952339254734067,21.602010560035453,34.30104319073143,106.57005391459063
1.2683328812190118,1.52034166881253,0.5625093509035763,0.6271880240687049,153.90945527360088,128.24724263700037,20.903404173504462,24.464754163524205,24.470993017550065,24.806019292103223,141.09292772662266
1.5744850820940233,0.60812650399801,0.6068850916478878,0.5181627128523312,142.5228185437694,103.75710903989074,22.46430264908614,31.74742146385546,21.83746792948984,29.523599887297443,132.37016295256862
1.9347520974492203,1.6062625391885104,1.0298771127530961,0.9448033719314828,112.78668012224176,176.5546750515861,21.857690400587263,21.05803456389435,33.64144255528815,22.851931494780587,103.12971316009192
1.0245548446187742,1.6619802967717727,1.4920559166056215,0.7777933518012019,100.00116347553661,141.65658284822922,32.31875231839557,28.169463066607037,21.167847794131543,34.33172287157101,87.33741963689845
0.7611640030011265,0.647593474570096,1.4904540795520071,1.646558993332604,152.25101810855884,105.46344200009723,23.70441750487839,32.8946801802891,22.532150086768464,32.809143232127795,141.22423561985892
0.897569642487506,0.5314174415463693,0.6232575012146411,1.9517900522675458,197.30781629723327,122.6125331249672,20.19843219357941,27.67670684854221,31.54163869132335,34.02193276239175,170.7894469683003
0.9431671662161304,1.6538347217572005,1.4369953532813957,1.0729094594793438,130.41987196362808,130.39425122550273,33.638032043097304,32.29437304321468,33.322870244919564,22.98829528755615,112.87452785470288
0.8085308932933326,0.6820796272391096,1.4225194520583,1.661950670956682,123.04166621173499,100.14738220863114,24.262764435675933,24.33452787381588,25.655808965025482,25.89981005577783,105.91649923344528
1.465856380311696,1.2954531998737375,0.5629268351474543,1.9527331663915757,172.93447940879963,196.68454997992853,28.168329869820134,22.39819645049662,30.36869995678984,22.513498089567598,161.04131176361622
1.698071287481862,0.9392330550514472,1.969955494038276,1.4028223844544832,122.4293483285045,166.30471918034226,24.654627231568213,27.550176959092312,31.946608422852158,31.09203849858091,114.90035606635443
1.3736339873108698,1.622109769144298,1.7176546821352063,1.484717910997254,174.18963269587152,184.84253790905245,29.683015346157834,22.336598908702552,28.205680184233664,21.31169752699828,159.20719561150935
0.6921436195493,1.0074012589917476,1.8921254604890745,0.8369234177657778,142.26291970136091,130.29309056404293,25.66044765194976,26.202747954349388,20.59717159168631,24.109821492049576,133.3962770572838
1.05825053575627,1.148115324416294,1.1591074845416782,1.4194093737417883,132.5295134023031,171.26213330985127,34.33474200899734,34.30448911744534,25.28490581378809,20.64650163422486,114.88014815001286
1.9146137566170613,0.8610390677487574,0.6822520644513771,0.796205734789906,181.6779466505636,118.16139677566026,22.686424089922724,25.883266901503102,34.21669546953845,22.117985953057776,165.25312758481215
1.8303873503139043,1.468716218982809,0.9288601838587403,1.7239204084529258,137.09410081577653,190.194019674915,31.452737655023185,21.63023809062038,34.718863660869154,25.724247486637026,122.75881859228306
1.792054994545154,1.769771508035417,1.8783898004593316,0.8783615302600424,180.66935196947392,198.4858402762476,31.62851808348584,25.138866242166976,29.41503315738213,22.88024127110055,166.8368272919511
1.6325628931194174,1.19080924591121,1.7629978293350923,1.5927360157424197,175.42482596820807,139.31952010279224,22.19031528945444,34.07096209352197,33.7647091685665,33.312034103193234,157.30622220862628
1.664671169749587,1.4842427565216072,0.7661431542045603,1.3175403783454076,159.06378339946377,166.10142542473204,29.381501752498902,32.12402316824417,21.035554053670623,25.021835628360186,141.232690617467
1.9770046092867624,1.9060820997456784,0.5647606036955175,0.7472222235941557,107.84558163171239,154.4496959103865,24.705546871357342,29.5346798292892,25.339366602059606,22.227601724655212,99.7655660613461
0.6975931601818428,1.5889698649779431,1.7266779947854176,0.8202670494660078,170.93208284726097,116.73213040010603,28.947006131203153,32.21575881003622,25.7318524168996,21.984030726477226,158.21972039849103
1.2587790394277434,1.7610545420168,1.5992023171493759,1.3133558082377723,178.0631717425557,158.37727805141117,22.950322959692347,23.56224957754076,24.498463894918043,29.641926057594638,156.91512859406615
1.3855215356881594,1.26254082037442,0.9463226769782309,1.3475329892885242,195.22217856975948,104.24222982068918,29.014182268065785,30.441197923505587,25.4375297679727,32.359964778199675,175.39458235602166
1.533327953075136,1.8099843737912116,1.4544370309688721,1.641682305564737,126.53261375554669,160.1553879299824,23.061314917336404,27.03561121277231,32.01408082312145,22.702379715989288,108.58714921178377
0.7401074524318595,1.192336211629685,0.51399742974064,0.8700182967824346,129.65599122059308,171.44241640712423,21.647946706111746,33.25525951531985,25.14394494138794,30.25805187363548,104.20008701106909
1.5896925726695073,1.987714927024045,0.6487671493808238,1.1022414737919324,175.9005282521931,110.25159640664745,20.380229063959078,30.350703326141744,24.741519673204557,20.836112803811627,159.31277358404245
1.7001064530487393,0.8060534519433482,1.3326274239534293,1.5996069440445122,151.38544642067677,150.8890555591056,29.147191423221756,23.6120572410976,25.8021086307782,21.208712184297703,139.29142855988226
1.4239781753902685,0.7820371019231243,1.0330768530286092,1.6756876767280957,136.92807702155412,193.2924862569672,22.20744876642418,24.469658532437656,21.346392508402356,33.66239397029473,124.54560336483235
1.3313397711980248,0.507844420314369,1.6414861400421408,0.5529670324103586,182.75063198732212,169.7209381909637,20.090705647759677,27.25790328296467,21.84871187198827,24.615186342169228,154.72776019981808
1.6186006740968482,0.8037208402478562,1.9371102201790702,1.0519111269531267,171.43266357349975,146.1716143813119,33.890893397273985,22.425418299109804,34.48748479577499,23.086915654841327,152.5351500657674
0.9903974245071187,0.723332075498667,0.9584063232353224,1.8149761427423008,192.0994521096576,169.45954272532853,31.123491627002444,28.200158973459676,33.267180913951385,28.309898832546963,161.79776809843645
1.994501506440871,1.0524642957602726,1.172915946431814,1.5831064073041055,172.89810616558162,186.16909037873452,28.018388287344628,22.931870005525997,22.493440430774882,33.747337266732714,162.4568010872944
1.8292936706976117,1.3895665012801763,1.087288547266744,1.1189327612729356,127.4071589342191,180.7070903866703,24.91757298275051,25.581233824443437,31.397354876425826,25.08235223634211,109.23617013020676
1.5434272197452104,0.504827395406418,1.429384006189761,1.0332395156620362,119.5240602956492,134.53419522448877,34.28093669958504,31.068916534982005,28.9614386386013,33.213427408171285,113.84867231338377
1.6912959969156263,0.6394859597346982,1.3823034004225858,1.2214593348291856,133.56104542698426,197.85254683891407,20.74408862524224,23.85594038283813,26.97554501331365,23.404678092072814,124.93428910270657
1.463488288857841,0.5972803917244525,1.369975681142197,1.3422268819392855,185.65372237479266,170.11698615902597,31.15857780953228,33.788120465805875,26.35655179896385,25.131989001678424,162.5853983746331
1.3409901416242564,1.4052314998946822,1.5147019058395434,1.7074834995211545,172.70567616153903,156.2072794402571,34.423260982063496,26.672786492413113,27.33572600673925,25.27474808512858,149.7711837890464
0.9047310801923215,1.737574115270093,1.2473835233951804,0.6155874187014967,194.7090667108519,149.62587528823616,33.64322709518208,28.53433224922776,31.43261880772467,32.1771007752633,176.99001112169844
0.5878263938659688,1.0013574780440913,1.6773454656672013,1.5615214021113737,138.05177098698945,116.3035336931591,25.127735628758874,26.5054149698057,32.72707661609397,25.448830275137155,120.02497370237515
1.6829224470086097,1.275903584662414,1.160298496933236,0.721178790059426,178.62056522610578,173.44439320755913,31.90902700177777,34.114884838616554,29.348155596020106,31.124409311778333,161.27093191428625
0.9922891304139674,1.1510290492608128,0.6329006445194258,0.8309179290668169,138.4355038524135,102.51934139592294,32.07645968061702,32.675594733449635,25.925800067851938,20.76895188763997,122.17781551313756
1.3973379410956082,1.6034946713587848,1.9975212670894245,1.8996699970153366,183.89973277180107,101.14179834540737,26.028144068551093,30.106343446761347,26.755255786711892,31.23444726290598,156.6039674222928
1.4638477993027874,1.131872079941108,1.4542660470623492,1.678477427120348,170.3699779629051,197.0257109726057,25.35473644202996,29.521162116560443,22.79629707280962,31.240541549674354,142.1806400709923
0.677504286385081,1.1148573345444324,1.7597034284534259,1.075749427899566,143.76613281482034,123.49734049959528,28.18543953219539,23.06096582819901,24.37866760246711,31.229130628727486,130.5229407758113
1.3578084068407799,1.3816540412932974,0.776714379700459,1.0433531624784327,170.48710100433817,181.7128142015585,27.23901853492281,23.240471605896083,34.50906785555446,30.72687529725332,150.63060217225123
1.0017669331128982,0.5392950627980972,0.5362876458370329,1.7475455655136602,154.64303160778474,196.70352752561462,34.357022488096945,26.406575680405147,27.126505110375806,33.46932824277529,136.41327936243562
0.9096062149592186,1.277118149358223,0.9480883603831596,1.9110188676730107,105.16687216579611,150.4795598304528,27.87574010368077,30.609183678585005,23.78259316243295,26.700897030539608,98.12950414468543
0.8889451382986606,1.1444852191084025,1.8090953757269028,1.762900350187713,171.845394732255,186.2640471149179,21.851747987155328,23.089700538154425,20.014151229014466,20.588975774729903,160.5280666421917
0.7791521267694159,1.7039649646935655,1.187280330106839,1.2244533081280329,117.925561190779,180.00034817636814,34.65925734765394,23.635305427051435,29.94966064256003,32.58649548199418,104.77028146489207
0.7002199586239157,0.620902270635687,1.5919089604606478,1.2446917285329495,155.27070757185453,139.6553681989963,28.259906888548464,22.29716750125934,30.921746560042497,29.003771151493744,138.04064328011978
1.1552760539227693,1.5942623429785951,1.6482693484866646,0.7383622515040303,113.17150285790936,186.52957589089124,30.968758840210626,31.54619934285631,34.631155515271175,28.60344920040065,104.35506773768785
1.415337724216462,0.7030311234165283,1.6270626290435686,1.4854327344007092,115.72732081797153,130.97878592090993,25.124616690359026,29.72696835350356,21.02661063863939,33.46095977482379,97.3699108876765
1.9349219316251869,0.6034370245346318,0.5855820817268815,0.9232806120398003,129.00455319624368,187.14140341908544,21.79071517007295,24.917642568287274,32.23618070939182,28.959685674960678,117.2198631503578
